$MeshFormat
4.1 0 8
$EndMeshFormat
$PhysicalNames
4
1 1 "inlet"
1 2 "outlet"
1 3 "wall"
2 4 "sim_domain"
$EndPhysicalNames
$Entities
7 6 1 0
1 0 0 0 0 
2 1 0 0 0 
3 1 0.8 0 0 
4 0 0.8 0 0 
5 0.5 0.3 0 0 
6 0.5 0.4 0 0 
7 0.5 0.5 0 0 
1 0 0 0 1 0 0 1 2 2 1 -2 
2 1 0 0 1 0.8 0 1 2 2 2 -3 
3 0 0.8 0 1 0.8 0 1 2 2 3 -4 
4 0 0 0 0 0.8 0 1 1 2 4 -1 
5 0.5 0.3 0 0.5984807753012208 0.5 0 1 3 2 5 -7 
6 0.4015192246987792 0.3 0 0.5 0.5 0 1 3 2 7 -5 
1 0 0 0 1 0.8 0 1 4 6 4 1 2 3 -6 -5 
$EndEntities
$Nodes
13 3585 1 3585
0 1 0 1
1
0 0 0
0 2 0 1
2
1 0 0
0 3 0 1
3
1 0.8 0
0 4 0 1
4
0 0.8 0
0 5 0 1
5
0.5 0.3 0
0 7 0 1
6
0.5 0.5 0
1 1 0 49
7
8
9
10
11
12
13
14
15
16
17
18
19
20
21
22
23
24
25
26
27
28
29
30
31
32
33
34
35
36
37
38
39
40
41
42
43
44
45
46
47
48
49
50
51
52
53
54
55
0.01999999999996237 0 0
0.03999999999992186 0 0
0.05999999999987837 0 0
0.07999999999984518 0 0
0.09999999999981463 0 0
0.1199999999997832 0 0
0.1399999999997328 0 0
0.1599999999996745 0 0
0.1799999999996162 0 0
0.1999999999995579 0 0
0.2199999999994996 0 0
0.2399999999994413 0 0
0.259999999999383 0 0
0.2799999999993247 0 0
0.2999999999992664 0 0
0.3199999999992081 0 0
0.3399999999991498 0 0
0.3599999999990915 0 0
0.3799999999990332 0 0
0.3999999999989749 0 0
0.4199999999989167 0 0
0.4399999999988584 0 0
0.4599999999988 0 0
0.4799999999987418 0 0
0.4999999999986943 0 0
0.5199999999987361 0 0
0.5399999999987888 0 0
0.5599999999988415 0 0
0.5799999999988942 0 0
0.5999999999989468 0 0
0.6199999999989995 0 0
0.6399999999990521 0 0
0.6599999999991049 0 0
0.6799999999991574 0 0
0.6999999999992101 0 0
0.7199999999992628 0 0
0.7399999999993154 0 0
0.7599999999993681 0 0
0.7799999999994207 0 0
0.7999999999994734 0 0
0.8199999999995261 0 0
0.8399999999995788 0 0
0.8599999999996314 0 0
0.8799999999996841 0 0
0.8999999999997367 0 0
0.9199999999997894 0 0
0.939999999999842 0 0
0.9599999999998947 0 0
0.9799999999999475 0 0
1 2 0 39
56
57
58
59
60
61
62
63
64
65
66
67
68
69
70
71
72
73
74
75
76
77
78
79
80
81
82
83
84
85
86
87
88
89
90
91
92
93
94
1 0.01999999999996386 0
1 0.03999999999992242 0
1 0.05999999999988802 0
1 0.07999999999985986 0
1 0.09999999999982846 0
1 0.1199999999997737 0
1 0.1399999999997163 0
1 0.159999999999648 0
1 0.1799999999995906 0
1 0.1999999999995331 0
1 0.2199999999994757 0
1 0.2399999999994182 0
1 0.2599999999993609 0
1 0.2799999999993034 0
1 0.2999999999992351 0
1 0.3199999999991668 0
1 0.3399999999991094 0
1 0.359999999999052 0
1 0.3799999999989946 0
1 0.399999999998948 0
1 0.4199999999989946 0
1 0.4399999999990413 0
1 0.4599999999990987 0
1 0.4799999999991541 0
1 0.499999999999203 0
1 0.5199999999992692 0
1 0.5399999999993114 0
1 0.5599999999993579 0
1 0.5799999999994305 0
1 0.5999999999994684 0
1 0.6199999999995064 0
1 0.639999999999579 0
1 0.6599999999996257 0
1 0.679999999999668 0
1 0.6999999999997449 0
1 0.7199999999997829 0
1 0.739999999999834 0
1 0.7599999999999024 0
1 0.7799999999999403 0
1 3 0 49
95
96
97
98
99
100
101
102
103
104
105
106
107
108
109
110
111
112
113
114
115
116
117
118
119
120
121
122
123
124
125
126
127
128
129
130
131
132
133
134
135
136
137
138
139
140
141
142
143
0.9799999999999167 0.8 0
0.9599999999998334 0.8 0
0.9399999999997501 0.8 0
0.9199999999996669 0.8 0
0.8999999999995835 0.8 0
0.879999999999508 0.8 0
0.8599999999995834 0.8 0
0.8399999999997222 0.8 0
0.819999999999861 0.8 0
0.7999999999999997 0.8 0
0.7800000000001385 0.8 0
0.7600000000002772 0.8 0
0.7400000000004161 0.8 0
0.7200000000005549 0.8 0
0.7000000000006936 0.8 0
0.6800000000008324 0.8 0
0.660000000000971 0.8 0
0.6400000000011098 0.8 0
0.6200000000012484 0.8 0
0.6000000000013872 0.8 0
0.5800000000015259 0.8 0
0.5600000000016645 0.8 0
0.5400000000018033 0.8 0
0.5200000000019419 0.8 0
0.500000000002059 0.8 0
0.4800000000019974 0.8 0
0.4600000000019141 0.8 0
0.4400000000018309 0.8 0
0.4200000000017478 0.8 0
0.4000000000016645 0.8 0
0.3800000000015813 0.8 0
0.360000000001498 0.8 0
0.3400000000014148 0.8 0
0.3200000000013316 0.8 0
0.3000000000012484 0.8 0
0.2800000000011651 0.8 0
0.2600000000010819 0.8 0
0.2400000000009987 0.8 0
0.2200000000009155 0.8 0
0.2000000000008322 0.8 0
0.180000000000749 0.8 0
0.1600000000006658 0.8 0
0.1400000000005825 0.8 0
0.1200000000004994 0.8 0
0.1000000000004161 0.8 0
0.08000000000033292 0.8 0
0.06000000000024963 0.8 0
0.04000000000016646 0.8 0
0.02000000000008328 0.8 0
1 4 0 39
144
145
146
147
148
149
150
151
152
153
154
155
156
157
158
159
160
161
162
163
164
165
166
167
168
169
170
171
172
173
174
175
176
177
178
179
180
181
182
0 0.7800000000000553 0
0 0.7600000000001106 0
0 0.7400000000001659 0
0 0.7200000000002211 0
0 0.7000000000002765 0
0 0.6800000000003318 0
0 0.6600000000003871 0
0 0.6400000000004423 0
0 0.6200000000004977 0
0 0.600000000000553 0
0 0.5800000000006083 0
0 0.5600000000006635 0
0 0.5400000000007188 0
0 0.5200000000007741 0
0 0.5000000000008293 0
0 0.4800000000008847 0
0 0.4600000000009399 0
0 0.4400000000009953 0
0 0.4200000000010505 0
0 0.400000000001095 0
0 0.3800000000010462 0
0 0.3600000000009973 0
0 0.3400000000009377 0
0 0.3200000000008802 0
0 0.3000000000008292 0
0 0.2800000000007609 0
0 0.2600000000007165 0
0 0.2400000000006679 0
0 0.2200000000005931 0
0 0.200000000000553 0
0 0.1800000000005129 0
0 0.1600000000004382 0
0 0.1400000000003894 0
0 0.1200000000003449 0
0 0.1000000000002658 0
0 0.08000000000022567 0
0 0.06000000000017247 0
0 0.04000000000010195 0
0 0.02000000000006186 0
1 5 0 31
183
184
185
186
187
188
189
190
191
192
193
194
195
196
197
198
199
200
201
202
203
204
205
206
207
208
209
210
211
212
213
0.5098017140741946 0.300481527336842 0
0.5195090322380138 0.3019214719669175 0
0.5290284677585165 0.3043059664368108 0
0.5382683432792269 0.3076120467665657 0
0.5471396737466805 0.3118078735994163 0
0.5555570233950118 0.3168530388319206 0
0.563439328522723 0.3226989547510124 0
0.5707106782531045 0.329289322015795 0
0.5773010454630789 0.336560671738148 0
0.5831469613501852 0.3444429768775287 0
0.5881921265590631 0.3528603265498136 0
0.5923879533600207 0.3617316570263797 0
0.595694033660505 0.3709715325622907 0
0.59807852810462 0.3804909681216297 0
0.5995184727024605 0.3901982863248495 0
0.6000000000000001 0.4000000003873807 0
0.5995184726307621 0.4098017144031169 0
0.5980785279724017 0.4195090325430766 0
0.5956940334779144 0.4290284680396298 0
0.5923879531371328 0.4382683435117196 0
0.5881921263027732 0.4471396739296711 0
0.5831469610879729 0.4555570235148999 0
0.5773010451914776 0.4634393285927992 0
0.5707106779853127 0.4707106782519968 0
0.5634393282780413 0.4773010454497927 0
0.555557023201136 0.4831469612976231 0
0.5471396735931665 0.4881921264826387 0
0.5382683431364027 0.4923879532925941 0
0.5290284676279282 0.4956940336028027 0
0.5195090321215662 0.4980785280562454 0
0.5098017140112756 0.4995184726693551 0
1 6 0 31
214
215
216
217
218
219
220
221
222
223
224
225
226
227
228
229
230
231
232
233
234
235
236
237
238
239
240
241
242
243
244
0.490198285944441 0.4995184726649935 0
0.4804909677615933 0.4980785280330043 0
0.4709715322212847 0.4956940335570619 0
0.4617316566993427 0.4923879532245576 0
0.4528603262322661 0.4881921263893304 0
0.4444429765728302 0.4831469611465922 0
0.4365606714460528 0.4773010452233626 0
0.4292893217427604 0.4707106779800699 0
0.4226989545306282 0.463439328254184 0
0.4168530386318692 0.4555570230956137 0
0.4118078734313718 0.4471396734322913 0
0.407612046637515 0.4382683429676711 0
0.4043059663297887 0.4290284674057115 0
0.4019214718909518 0.4195090318561084 0
0.400481527295743 0.4098017136569101 0
0.4 0.3999999995643491 0
0.4004815273745275 0.3901982855431786 0
0.4019214720374183 0.3804909674075548 0
0.4043059665326926 0.3709715319254038 0
0.4076120468805735 0.3617316564455338 0
0.4118078737241251 0.3528603260200059 0
0.4168530389418348 0.3444429764404899 0
0.4226989548492853 0.3365606713575313 0
0.4292893220553737 0.3292893217073168 0
0.4365606717361852 0.322698954538532 0
0.4444429768441381 0.3168530386721257 0
0.4528603264290554 0.3118078735054836 0
0.4617316568705907 0.3076120467045093 0
0.4709715323680292 0.3043059663984237 0
0.480490967866666 0.3019214719460955 0
0.4901982860144733 0.300481527328109 0
2 1 0 3341
245
246
247
248
249
250
251
252
253
254
255
256
257
258
259
260
261
262
263
264
265
266
267
268
269
270
271
272
273
274
275
276
277
278
279
280
281
282
283
284
285
286
287
288
289
290
291
292
293
294
295
296
297
298
299
300
301
302
303
304
305
306
307
308
309
310
311
312
313
314
315
316
317
318
319
320
321
322
323
324
325
326
327
328
329
330
331
332
333
334
335
336
337
338
339
340
341
342
343
344
345
346
347
348
349
350
351
352
353
354
355
356
357
358
359
360
361
362
363
364
365
366
367
368
369
370
371
372
373
374
375
376
377
378
379
380
381
382
383
384
385
386
387
388
389
390
391
392
393
394
395
396
397
398
399
400
401
402
403
404
405
406
407
408
409
410
411
412
413
414
415
416
417
418
419
420
421
422
423
424
425
426
427
428
429
430
431
432
433
434
435
436
437
438
439
440
441
442
443
444
445
446
447
448
449
450
451
452
453
454
455
456
457
458
459
460
461
462
463
464
465
466
467
468
469
470
471
472
473
474
475
476
477
478
479
480
481
482
483
484
485
486
487
488
489
490
491
492
493
494
495
496
497
498
499
500
501
502
503
504
505
506
507
508
509
510
511
512
513
514
515
516
517
518
519
520
521
522
523
524
525
526
527
528
529
530
531
532
533
534
535
536
537
538
539
540
541
542
543
544
545
546
547
548
549
550
551
552
553
554
555
556
557
558
559
560
561
562
563
564
565
566
567
568
569
570
571
572
573
574
575
576
577
578
579
580
581
582
583
584
585
586
587
588
589
590
591
592
593
594
595
596
597
598
599
600
601
602
603
604
605
606
607
608
609
610
611
612
613
614
615
616
617
618
619
620
621
622
623
624
625
626
627
628
629
630
631
632
633
634
635
636
637
638
639
640
641
642
643
644
645
646
647
648
649
650
651
652
653
654
655
656
657
658
659
660
661
662
663
664
665
666
667
668
669
670
671
672
673
674
675
676
677
678
679
680
681
682
683
684
685
686
687
688
689
690
691
692
693
694
695
696
697
698
699
700
701
702
703
704
705
706
707
708
709
710
711
712
713
714
715
716
717
718
719
720
721
722
723
724
725
726
727
728
729
730
731
732
733
734
735
736
737
738
739
740
741
742
743
744
745
746
747
748
749
750
751
752
753
754
755
756
757
758
759
760
761
762
763
764
765
766
767
768
769
770
771
772
773
774
775
776
777
778
779
780
781
782
783
784
785
786
787
788
789
790
791
792
793
794
795
796
797
798
799
800
801
802
803
804
805
806
807
808
809
810
811
812
813
814
815
816
817
818
819
820
821
822
823
824
825
826
827
828
829
830
831
832
833
834
835
836
837
838
839
840
841
842
843
844
845
846
847
848
849
850
851
852
853
854
855
856
857
858
859
860
861
862
863
864
865
866
867
868
869
870
871
872
873
874
875
876
877
878
879
880
881
882
883
884
885
886
887
888
889
890
891
892
893
894
895
896
897
898
899
900
901
902
903
904
905
906
907
908
909
910
911
912
913
914
915
916
917
918
919
920
921
922
923
924
925
926
927
928
929
930
931
932
933
934
935
936
937
938
939
940
941
942
943
944
945
946
947
948
949
950
951
952
953
954
955
956
957
958
959
960
961
962
963
964
965
966
967
968
969
970
971
972
973
974
975
976
977
978
979
980
981
982
983
984
985
986
987
988
989
990
991
992
993
994
995
996
997
998
999
1000
1001
1002
1003
1004
1005
1006
1007
1008
1009
1010
1011
1012
1013
1014
1015
1016
1017
1018
1019
1020
1021
1022
1023
1024
1025
1026
1027
1028
1029
1030
1031
1032
1033
1034
1035
1036
1037
1038
1039
1040
1041
1042
1043
1044
1045
1046
1047
1048
1049
1050
1051
1052
1053
1054
1055
1056
1057
1058
1059
1060
1061
1062
1063
1064
1065
1066
1067
1068
1069
1070
1071
1072
1073
1074
1075
1076
1077
1078
1079
1080
1081
1082
1083
1084
1085
1086
1087
1088
1089
1090
1091
1092
1093
1094
1095
1096
1097
1098
1099
1100
1101
1102
1103
1104
1105
1106
1107
1108
1109
1110
1111
1112
1113
1114
1115
1116
1117
1118
1119
1120
1121
1122
1123
1124
1125
1126
1127
1128
1129
1130
1131
1132
1133
1134
1135
1136
1137
1138
1139
1140
1141
1142
1143
1144
1145
1146
1147
1148
1149
1150
1151
1152
1153
1154
1155
1156
1157
1158
1159
1160
1161
1162
1163
1164
1165
1166
1167
1168
1169
1170
1171
1172
1173
1174
1175
1176
1177
1178
1179
1180
1181
1182
1183
1184
1185
1186
1187
1188
1189
1190
1191
1192
1193
1194
1195
1196
1197
1198
1199
1200
1201
1202
1203
1204
1205
1206
1207
1208
1209
1210
1211
1212
1213
1214
1215
1216
1217
1218
1219
1220
1221
1222
1223
1224
1225
1226
1227
1228
1229
1230
1231
1232
1233
1234
1235
1236
1237
1238
1239
1240
1241
1242
1243
1244
1245
1246
1247
1248
1249
1250
1251
1252
1253
1254
1255
1256
1257
1258
1259
1260
1261
1262
1263
1264
1265
1266
1267
1268
1269
1270
1271
1272
1273
1274
1275
1276
1277
1278
1279
1280
1281
1282
1283
1284
1285
1286
1287
1288
1289
1290
1291
1292
1293
1294
1295
1296
1297
1298
1299
1300
1301
1302
1303
1304
1305
1306
1307
1308
1309
1310
1311
1312
1313
1314
1315
1316
1317
1318
1319
1320
1321
1322
1323
1324
1325
1326
1327
1328
1329
1330
1331
1332
1333
1334
1335
1336
1337
1338
1339
1340
1341
1342
1343
1344
1345
1346
1347
1348
1349
1350
1351
1352
1353
1354
1355
1356
1357
1358
1359
1360
1361
1362
1363
1364
1365
1366
1367
1368
1369
1370
1371
1372
1373
1374
1375
1376
1377
1378
1379
1380
1381
1382
1383
1384
1385
1386
1387
1388
1389
1390
1391
1392
1393
1394
1395
1396
1397
1398
1399
1400
1401
1402
1403
1404
1405
1406
1407
1408
1409
1410
1411
1412
1413
1414
1415
1416
1417
1418
1419
1420
1421
1422
1423
1424
1425
1426
1427
1428
1429
1430
1431
1432
1433
1434
1435
1436
1437
1438
1439
1440
1441
1442
1443
1444
1445
1446
1447
1448
1449
1450
1451
1452
1453
1454
1455
1456
1457
1458
1459
1460
1461
1462
1463
1464
1465
1466
1467
1468
1469
1470
1471
1472
1473
1474
1475
1476
1477
1478
1479
1480
1481
1482
1483
1484
1485
1486
1487
1488
1489
1490
1491
1492
1493
1494
1495
1496
1497
1498
1499
1500
1501
1502
1503
1504
1505
1506
1507
1508
1509
1510
1511
1512
1513
1514
1515
1516
1517
1518
1519
1520
1521
1522
1523
1524
1525
1526
1527
1528
1529
1530
1531
1532
1533
1534
1535
1536
1537
1538
1539
1540
1541
1542
1543
1544
1545
1546
1547
1548
1549
1550
1551
1552
1553
1554
1555
1556
1557
1558
1559
1560
1561
1562
1563
1564
1565
1566
1567
1568
1569
1570
1571
1572
1573
1574
1575
1576
1577
1578
1579
1580
1581
1582
1583
1584
1585
1586
1587
1588
1589
1590
1591
1592
1593
1594
1595
1596
1597
1598
1599
1600
1601
1602
1603
1604
1605
1606
1607
1608
1609
1610
1611
1612
1613
1614
1615
1616
1617
1618
1619
1620
1621
1622
1623
1624
1625
1626
1627
1628
1629
1630
1631
1632
1633
1634
1635
1636
1637
1638
1639
1640
1641
1642
1643
1644
1645
1646
1647
1648
1649
1650
1651
1652
1653
1654
1655
1656
1657
1658
1659
1660
1661
1662
1663
1664
1665
1666
1667
1668
1669
1670
1671
1672
1673
1674
1675
1676
1677
1678
1679
1680
1681
1682
1683
1684
1685
1686
1687
1688
1689
1690
1691
1692
1693
1694
1695
1696
1697
1698
1699
1700
1701
1702
1703
1704
1705
1706
1707
1708
1709
1710
1711
1712
1713
1714
1715
1716
1717
1718
1719
1720
1721
1722
1723
1724
1725
1726
1727
1728
1729
1730
1731
1732
1733
1734
1735
1736
1737
1738
1739
1740
1741
1742
1743
1744
1745
1746
1747
1748
1749
1750
1751
1752
1753
1754
1755
1756
1757
1758
1759
1760
1761
1762
1763
1764
1765
1766
1767
1768
1769
1770
1771
1772
1773
1774
1775
1776
1777
1778
1779
1780
1781
1782
1783
1784
1785
1786
1787
1788
1789
1790
1791
1792
1793
1794
1795
1796
1797
1798
1799
1800
1801
1802
1803
1804
1805
1806
1807
1808
1809
1810
1811
1812
1813
1814
1815
1816
1817
1818
1819
1820
1821
1822
1823
1824
1825
1826
1827
1828
1829
1830
1831
1832
1833
1834
1835
1836
1837
1838
1839
1840
1841
1842
1843
1844
1845
1846
1847
1848
1849
1850
1851
1852
1853
1854
1855
1856
1857
1858
1859
1860
1861
1862
1863
1864
1865
1866
1867
1868
1869
1870
1871
1872
1873
1874
1875
1876
1877
1878
1879
1880
1881
1882
1883
1884
1885
1886
1887
1888
1889
1890
1891
1892
1893
1894
1895
1896
1897
1898
1899
1900
1901
1902
1903
1904
1905
1906
1907
1908
1909
1910
1911
1912
1913
1914
1915
1916
1917
1918
1919
1920
1921
1922
1923
1924
1925
1926
1927
1928
1929
1930
1931
1932
1933
1934
1935
1936
1937
1938
1939
1940
1941
1942
1943
1944
1945
1946
1947
1948
1949
1950
1951
1952
1953
1954
1955
1956
1957
1958
1959
1960
1961
1962
1963
1964
1965
1966
1967
1968
1969
1970
1971
1972
1973
1974
1975
1976
1977
1978
1979
1980
1981
1982
1983
1984
1985
1986
1987
1988
1989
1990
1991
1992
1993
1994
1995
1996
1997
1998
1999
2000
2001
2002
2003
2004
2005
2006
2007
2008
2009
2010
2011
2012
2013
2014
2015
2016
2017
2018
2019
2020
2021
2022
2023
2024
2025
2026
2027
2028
2029
2030
2031
2032
2033
2034
2035
2036
2037
2038
2039
2040
2041
2042
2043
2044
2045
2046
2047
2048
2049
2050
2051
2052
2053
2054
2055
2056
2057
2058
2059
2060
2061
2062
2063
2064
2065
2066
2067
2068
2069
2070
2071
2072
2073
2074
2075
2076
2077
2078
2079
2080
2081
2082
2083
2084
2085
2086
2087
2088
2089
2090
2091
2092
2093
2094
2095
2096
2097
2098
2099
2100
2101
2102
2103
2104
2105
2106
2107
2108
2109
2110
2111
2112
2113
2114
2115
2116
2117
2118
2119
2120
2121
2122
2123
2124
2125
2126
2127
2128
2129
2130
2131
2132
2133
2134
2135
2136
2137
2138
2139
2140
2141
2142
2143
2144
2145
2146
2147
2148
2149
2150
2151
2152
2153
2154
2155
2156
2157
2158
2159
2160
2161
2162
2163
2164
2165
2166
2167
2168
2169
2170
2171
2172
2173
2174
2175
2176
2177
2178
2179
2180
2181
2182
2183
2184
2185
2186
2187
2188
2189
2190
2191
2192
2193
2194
2195
2196
2197
2198
2199
2200
2201
2202
2203
2204
2205
2206
2207
2208
2209
2210
2211
2212
2213
2214
2215
2216
2217
2218
2219
2220
2221
2222
2223
2224
2225
2226
2227
2228
2229
2230
2231
2232
2233
2234
2235
2236
2237
2238
2239
2240
2241
2242
2243
2244
2245
2246
2247
2248
2249
2250
2251
2252
2253
2254
2255
2256
2257
2258
2259
2260
2261
2262
2263
2264
2265
2266
2267
2268
2269
2270
2271
2272
2273
2274
2275
2276
2277
2278
2279
2280
2281
2282
2283
2284
2285
2286
2287
2288
2289
2290
2291
2292
2293
2294
2295
2296
2297
2298
2299
2300
2301
2302
2303
2304
2305
2306
2307
2308
2309
2310
2311
2312
2313
2314
2315
2316
2317
2318
2319
2320
2321
2322
2323
2324
2325
2326
2327
2328
2329
2330
2331
2332
2333
2334
2335
2336
2337
2338
2339
2340
2341
2342
2343
2344
2345
2346
2347
2348
2349
2350
2351
2352
2353
2354
2355
2356
2357
2358
2359
2360
2361
2362
2363
2364
2365
2366
2367
2368
2369
2370
2371
2372
2373
2374
2375
2376
2377
2378
2379
2380
2381
2382
2383
2384
2385
2386
2387
2388
2389
2390
2391
2392
2393
2394
2395
2396
2397
2398
2399
2400
2401
2402
2403
2404
2405
2406
2407
2408
2409
2410
2411
2412
2413
2414
2415
2416
2417
2418
2419
2420
2421
2422
2423
2424
2425
2426
2427
2428
2429
2430
2431
2432
2433
2434
2435
2436
2437
2438
2439
2440
2441
2442
2443
2444
2445
2446
2447
2448
2449
2450
2451
2452
2453
2454
2455
2456
2457
2458
2459
2460
2461
2462
2463
2464
2465
2466
2467
2468
2469
2470
2471
2472
2473
2474
2475
2476
2477
2478
2479
2480
2481
2482
2483
2484
2485
2486
2487
2488
2489
2490
2491
2492
2493
2494
2495
2496
2497
2498
2499
2500
2501
2502
2503
2504
2505
2506
2507
2508
2509
2510
2511
2512
2513
2514
2515
2516
2517
2518
2519
2520
2521
2522
2523
2524
2525
2526
2527
2528
2529
2530
2531
2532
2533
2534
2535
2536
2537
2538
2539
2540
2541
2542
2543
2544
2545
2546
2547
2548
2549
2550
2551
2552
2553
2554
2555
2556
2557
2558
2559
2560
2561
2562
2563
2564
2565
2566
2567
2568
2569
2570
2571
2572
2573
2574
2575
2576
2577
2578
2579
2580
2581
2582
2583
2584
2585
2586
2587
2588
2589
2590
2591
2592
2593
2594
2595
2596
2597
2598
2599
2600
2601
2602
2603
2604
2605
2606
2607
2608
2609
2610
2611
2612
2613
2614
2615
2616
2617
2618
2619
2620
2621
2622
2623
2624
2625
2626
2627
2628
2629
2630
2631
2632
2633
2634
2635
2636
2637
2638
2639
2640
2641
2642
2643
2644
2645
2646
2647
2648
2649
2650
2651
2652
2653
2654
2655
2656
2657
2658
2659
2660
2661
2662
2663
2664
2665
2666
2667
2668
2669
2670
2671
2672
2673
2674
2675
2676
2677
2678
2679
2680
2681
2682
2683
2684
2685
2686
2687
2688
2689
2690
2691
2692
2693
2694
2695
2696
2697
2698
2699
2700
2701
2702
2703
2704
2705
2706
2707
2708
2709
2710
2711
2712
2713
2714
2715
2716
2717
2718
2719
2720
2721
2722
2723
2724
2725
2726
2727
2728
2729
2730
2731
2732
2733
2734
2735
2736
2737
2738
2739
2740
2741
2742
2743
2744
2745
2746
2747
2748
2749
2750
2751
2752
2753
2754
2755
2756
2757
2758
2759
2760
2761
2762
2763
2764
2765
2766
2767
2768
2769
2770
2771
2772
2773
2774
2775
2776
2777
2778
2779
2780
2781
2782
2783
2784
2785
2786
2787
2788
2789
2790
2791
2792
2793
2794
2795
2796
2797
2798
2799
2800
2801
2802
2803
2804
2805
2806
2807
2808
2809
2810
2811
2812
2813
2814
2815
2816
2817
2818
2819
2820
2821
2822
2823
2824
2825
2826
2827
2828
2829
2830
2831
2832
2833
2834
2835
2836
2837
2838
2839
2840
2841
2842
2843
2844
2845
2846
2847
2848
2849
2850
2851
2852
2853
2854
2855
2856
2857
2858
2859
2860
2861
2862
2863
2864
2865
2866
2867
2868
2869
2870
2871
2872
2873
2874
2875
2876
2877
2878
2879
2880
2881
2882
2883
2884
2885
2886
2887
2888
2889
2890
2891
2892
2893
2894
2895
2896
2897
2898
2899
2900
2901
2902
2903
2904
2905
2906
2907
2908
2909
2910
2911
2912
2913
2914
2915
2916
2917
2918
2919
2920
2921
2922
2923
2924
2925
2926
2927
2928
2929
2930
2931
2932
2933
2934
2935
2936
2937
2938
2939
2940
2941
2942
2943
2944
2945
2946
2947
2948
2949
2950
2951
2952
2953
2954
2955
2956
2957
2958
2959
2960
2961
2962
2963
2964
2965
2966
2967
2968
2969
2970
2971
2972
2973
2974
2975
2976
2977
2978
2979
2980
2981
2982
2983
2984
2985
2986
2987
2988
2989
2990
2991
2992
2993
2994
2995
2996
2997
2998
2999
3000
3001
3002
3003
3004
3005
3006
3007
3008
3009
3010
3011
3012
3013
3014
3015
3016
3017
3018
3019
3020
3021
3022
3023
3024
3025
3026
3027
3028
3029
3030
3031
3032
3033
3034
3035
3036
3037
3038
3039
3040
3041
3042
3043
3044
3045
3046
3047
3048
3049
3050
3051
3052
3053
3054
3055
3056
3057
3058
3059
3060
3061
3062
3063
3064
3065
3066
3067
3068
3069
3070
3071
3072
3073
3074
3075
3076
3077
3078
3079
3080
3081
3082
3083
3084
3085
3086
3087
3088
3089
3090
3091
3092
3093
3094
3095
3096
3097
3098
3099
3100
3101
3102
3103
3104
3105
3106
3107
3108
3109
3110
3111
3112
3113
3114
3115
3116
3117
3118
3119
3120
3121
3122
3123
3124
3125
3126
3127
3128
3129
3130
3131
3132
3133
3134
3135
3136
3137
3138
3139
3140
3141
3142
3143
3144
3145
3146
3147
3148
3149
3150
3151
3152
3153
3154
3155
3156
3157
3158
3159
3160
3161
3162
3163
3164
3165
3166
3167
3168
3169
3170
3171
3172
3173
3174
3175
3176
3177
3178
3179
3180
3181
3182
3183
3184
3185
3186
3187
3188
3189
3190
3191
3192
3193
3194
3195
3196
3197
3198
3199
3200
3201
3202
3203
3204
3205
3206
3207
3208
3209
3210
3211
3212
3213
3214
3215
3216
3217
3218
3219
3220
3221
3222
3223
3224
3225
3226
3227
3228
3229
3230
3231
3232
3233
3234
3235
3236
3237
3238
3239
3240
3241
3242
3243
3244
3245
3246
3247
3248
3249
3250
3251
3252
3253
3254
3255
3256
3257
3258
3259
3260
3261
3262
3263
3264
3265
3266
3267
3268
3269
3270
3271
3272
3273
3274
3275
3276
3277
3278
3279
3280
3281
3282
3283
3284
3285
3286
3287
3288
3289
3290
3291
3292
3293
3294
3295
3296
3297
3298
3299
3300
3301
3302
3303
3304
3305
3306
3307
3308
3309
3310
3311
3312
3313
3314
3315
3316
3317
3318
3319
3320
3321
3322
3323
3324
3325
3326
3327
3328
3329
3330
3331
3332
3333
3334
3335
3336
3337
3338
3339
3340
3341
3342
3343
3344
3345
3346
3347
3348
3349
3350
3351
3352
3353
3354
3355
3356
3357
3358
3359
3360
3361
3362
3363
3364
3365
3366
3367
3368
3369
3370
3371
3372
3373
3374
3375
3376
3377
3378
3379
3380
3381
3382
3383
3384
3385
3386
3387
3388
3389
3390
3391
3392
3393
3394
3395
3396
3397
3398
3399
3400
3401
3402
3403
3404
3405
3406
3407
3408
3409
3410
3411
3412
3413
3414
3415
3416
3417
3418
3419
3420
3421
3422
3423
3424
3425
3426
3427
3428
3429
3430
3431
3432
3433
3434
3435
3436
3437
3438
3439
3440
3441
3442
3443
3444
3445
3446
3447
3448
3449
3450
3451
3452
3453
3454
3455
3456
3457
3458
3459
3460
3461
3462
3463
3464
3465
3466
3467
3468
3469
3470
3471
3472
3473
3474
3475
3476
3477
3478
3479
3480
3481
3482
3483
3484
3485
3486
3487
3488
3489
3490
3491
3492
3493
3494
3495
3496
3497
3498
3499
3500
3501
3502
3503
3504
3505
3506
3507
3508
3509
3510
3511
3512
3513
3514
3515
3516
3517
3518
3519
3520
3521
3522
3523
3524
3525
3526
3527
3528
3529
3530
3531
3532
3533
3534
3535
3536
3537
3538
3539
3540
3541
3542
3543
3544
3545
3546
3547
3548
3549
3550
3551
3552
3553
3554
3555
3556
3557
3558
3559
3560
3561
3562
3563
3564
3565
3566
3567
3568
3569
3570
3571
3572
3573
3574
3575
3576
3577
3578
3579
3580
3581
3582
3583
3584
3585
0.982266410207699 0.56987302472032 0
0.01617864863857137 0.2282267448470712 0
0.9840018888154068 0.2290981327584635 0
0.01617568788914157 0.5690693185613096 0
0.2508052138902905 0.01701555311992588 0
0.7500000000003467 0.7826794919244315 0
0.7500000944657663 0.01689694842105844 0
0.2503037645939172 0.7827259495981282 0
0.01835405976802904 0.3295360304914852 0
0.9840820500696147 0.4698243574833436 0
0.01581763055178716 0.4704978514959682 0
0.9851233738549421 0.329801788318002 0
0.6702575390486196 0.7828611595656902 0
0.3301887031486223 0.01721409066834482 0
0.3309152899569622 0.7828093231639542 0
0.6703770776966125 0.01679326083382451 0
0.410207642438391 0.01720863920379578 0
0.5896518833100147 0.7827286957473488 0
0.5920199303666712 0.01859966898630205 0
0.4106450821743355 0.7837963758463254 0
0.4903716039190308 0.01727066075211227 0
0.5097053401927202 0.7828845851829259 0
0.8304036911769785 0.782084897440438 0
0.1691523057979316 0.01614940197784404 0
0.8308738482154908 0.01668745626462022 0
0.1708779967320777 0.7832292386309796 0
0.9836156817393407 0.6506925862868775 0
0.01576145529666034 0.1491307364872234 0
0.9826794919243703 0.1499999999996822 0
0.01732115971655631 0.6499151707626244 0
0.0166700797430559 0.3901256104377391 0
0.9827278015401896 0.4088423278303739 0
0.8886917089159493 0.7834869054963314 0
0.1091179359089979 0.01743215682739033 0
0.8895840150522374 0.01709160199245001 0
0.110013633604149 0.7833008281158842 0
0.9819066004128956 0.7106595126475642 0
0.01601710510864467 0.0904042536378549 0
0.9832058816254042 0.09040477166147665 0
0.01749835039228636 0.7097606345382775 0
0.5297669555272722 0.01720952040106794 0
0.4705788738581774 0.7831694831004047 0
0.4499999999988292 0.01732050807563826 0
0.3709194013942076 0.01727330708980897 0
0.5495257837383938 0.7828047766200423 0
0.6309030500435324 0.7811295222349017 0
0.29073163612328 0.01776892634807815 0
0.3666322118259413 0.7854432400571432 0
0.7102667277346703 0.01663855636666127 0
0.6278291206508962 0.01797767261472756 0
0.7093993146118291 0.7841578591425683 0
0.7904571056269167 0.01618949857307315 0
0.2100989659598831 0.7826436289422334 0
0.2900000000012067 0.7826794919242392 0
0.01703483810363021 0.2900005117006118 0
0.9810645763680927 0.5094145023312352 0
0.01573648801023312 0.4289919918434172 0
0.01711050611071686 0.5122344971524653 0
0.9833412916259736 0.3711957641346422 0
0.9816824194286975 0.2896596467010998 0
0.9845370605366616 0.6094178575816962 0
0.01663415834571961 0.1901836293452868 0
0.9825639525326346 0.1903659159211991 0
0.01666735104187254 0.6100150930151188 0
0.208886436396203 0.01724914026670055 0
0.7904483296119738 0.7817682955613499 0
0.9299999999997092 0.7826794919242391 0
0.07298844892753785 0.019115947476336 0
0.9315564922025882 0.01805808306584757 0
0.06999996499208185 0.7830705553763521 0
0.9806669773404028 0.748319718689339 0
0.0164470777788723 0.7498404858677766 0
0.9827763434130838 0.0501678547792707 0
0.01667104653680321 0.05315406077350744 0
0.03003658801990714 0.01688058696171171 0
0.9706400072057407 0.7831050723678682 0
0.9682343641709894 0.01796278536586355 0
0.03162290728086393 0.7808655097443118 0
0.5100590982164692 0.01710426278439744 0
0.5198689268297799 0.03394159288440526 0
0.5390174110858363 0.03415388098698892 0
0.5294283145817307 0.05026265680538082 0
0.5479902008581268 0.05053612559595123 0
0.5390971900811987 0.06599705288342872 0
0.5567683921003642 0.06640674538936882 0
0.5481489562416891 0.08141568473374436 0
0.5163780743988282 0.2926981264245149 0
0.5652726581469275 0.08186342883509791 0
0.5564995409946809 0.09659702392228423 0
0.5734478467393511 0.09683713575400522 0
0.5381835359847469 0.09694290336206282 0
0.5648936541116811 0.1112101359853738 0
0.5806293339396182 0.1118510285301877 0
0.5731218548851195 0.1255765109499841 0
0.588277952680978 0.1261257871427791 0
0.5464443298645204 0.3021310081967014 0
0.581115093602428 0.1393678257815051 0
0.5960733616691796 0.1398396888398559 0
0.5888907381012037 0.1528759426861207 0
0.6038745495236898 0.1532106301691574 0
0.5737809708440667 0.1525762707996418 0
0.5965244804638413 0.1661465783285427 0
0.6111109913369033 0.1665373681476411 0
0.6040278424772467 0.1792181852525064 0
0.6188973478530462 0.1794146575748221 0
0.6248747877181778 0.16646413298301 0
0.6335223007346045 0.1797800355957405 0
0.6262030628016895 0.1925002413345381 0
0.6412335267545799 0.1928612323843167 0
0.5803030354374503 0.3272175714528657 0
0.6483959621326034 0.179741646049575 0
0.6564826856375532 0.1933228082003537 0
0.6639197430061506 0.1798666458220771 0
0.6718943518838787 0.1939139467994948 0
0.680001934013704 0.1805656706361307 0
0.6874798897807632 0.1943542250802544 0
0.6793705379267654 0.2076898671805845 0
0.6948566609814187 0.2080914870327663 0
0.6866882223275589 0.221292924578495 0
0.7021144059326533 0.2219336803234252 0
0.7105660863155979 0.2081053770323817 0
0.7177905380807394 0.2220545645604687 0
0.709189314745221 0.2356671881525865 0
0.7252418701612978 0.2359372259718421 0
0.7165275168341451 0.249230747797649 0
0.7324034195287683 0.2496106425544313 0
0.723673283414411 0.2626585745437846 0
0.7394937651275083 0.2631630754507336 0
0.7307674545407652 0.2761543831666018 0
0.7339603856825999 0.2224368829927246 0
0.746524956372608 0.2766784698929878 0
0.7377012607782762 0.2898863634055077 0
0.7529684500171434 0.2904850026281927 0
0.7446753097969103 0.3033705767258057 0
0.7598726202945878 0.3039985000445119 0
0.7517571335642081 0.316832817539628 0
0.6050742638338024 0.3841696902114055 0
0.7668666096279182 0.3174658002356203 0
0.7583084822859016 0.3305009783301465 0
0.7611177632025105 0.2777132133969287 0
0.7738228970836272 0.3309602795867925 0
0.7652350553860761 0.3440552322196481 0
0.5974253236136967 0.3528705951542531 0
0.780906480786165 0.3444336635648003 0
0.7727131695797859 0.357264105661256 0
0.7882341403765343 0.3578528132364495 0
0.7802287382590471 0.3706609626228052 0
0.7645147837156133 0.3701280396749091 0
0.7715189110520566 0.3836590275714594 0
0.7878135618520554 0.384750954219352 0
0.7789974482980898 0.3976851178633998 0
0.7627397407964358 0.3966550161046573 0
0.7695757900410746 0.4104409371983856 0
0.608130774124013 0.4152243443356534 0
0.7857916894909083 0.4118281152356545 0
0.7767801954294213 0.4241220554651776 0
0.7602803678887416 0.4234711504551184 0
0.7680862617256715 0.4368948458934814 0
0.7837034332402708 0.4381011918488872 0
0.7747909633820839 0.4510330819493501 0
0.7590287112283371 0.4499272287435515 0
0.7658826346144111 0.4639439435111885 0
0.7503676108099054 0.4627520957135593 0
0.7571027348989837 0.4767468583783619 0
0.7417664916828479 0.4755205240379595 0
0.748368675640289 0.4895265122914522 0
0.7638813126949215 0.4908153775666027 0
0.7546441524345827 0.5034488759506329 0
0.7395412167504879 0.5021441675771676 0
0.7456615932852124 0.5161832541100697 0
0.7305763120549337 0.5149081823537411 0
0.7370197118140986 0.529123831377792 0
0.7215345516850689 0.5278479919811289 0
0.7543705888185888 0.5304748596915231 0
0.7281442401795639 0.5419193670943443 0
0.7126714064791131 0.5406647043920078 0
0.7192623871268404 0.554678397260094 0
0.7038506441407801 0.5533191102109656 0
0.5711599973396241 0.4812757373988493 0
0.7103827118798196 0.5674117407962134 0
0.6948369341609962 0.5661122904641427 0
0.5979005568161279 0.4464399331249796 0
0.7901951086774235 0.3301362233333762 0
0.7022161376218882 0.5807501077291894 0
0.6858230084671204 0.5790284714670686 0
0.719806797609771 0.58193305477294 0
0.6934680144903327 0.5936934614930724 0
0.6769208522057496 0.5918049102538385 0
0.7434507315632293 0.3298902207742082 0
0.7092253612385619 0.2615278756682852 0
0.7352522297147175 0.4618036813616623 0
0.6838152606507659 0.6060961871697428 0
0.6679161116141189 0.6045710567234099 0
0.6611684479093302 0.5903694129198278 0
0.6523066065018257 0.6030339606101371 0
0.546047464334397 0.4979508507980091 0
0.6966170846350913 0.5396441936466314 0
0.7906088273105925 0.452140337624195 0
0.6457523802521616 0.589019898252116 0
0.6367718799522779 0.6015150999090073 0
0.6432585375614399 0.615693144838226 0
0.6278524539011915 0.6139542278367394 0
0.6214795474226361 0.6000273911025517 0
0.6125968449808249 0.6122706345131003 0
0.6060633552086822 0.5960079758191779 0
0.5979959926296567 0.6105508262827801 0
0.60259566328098 0.6259739882305008 0
0.5878681866405264 0.6225118655718265 0
0.5155077018295486 0.5074468863509323 0
0.5831013758662263 0.607124770735059 0
0.5736439943801457 0.6204365257307791 0
0.5676178390012033 0.6073334663568417 0
0.5589663027400711 0.6188219911783506 0
0.5532472125927929 0.605600803752754 0
0.5445301743454751 0.6171595291432951 0
0.5391159456841386 0.6038164026064323 0
0.5302768587530673 0.6152859625586259 0
0.4839397058299273 0.506384029646454 0
0.5357894903507384 0.6287507055431714 0
0.521361522713281 0.6268951522169635 0
0.5161289620567482 0.6132884124967634 0
0.5070228054362638 0.6249268114587276 0
0.501775331905892 0.6114836218081907 0
0.4928292595545835 0.6225132139884954 0
0.4873520211507044 0.6097118546821431 0
0.4785755228612066 0.6207770964381844 0
0.4732085497745734 0.6078769852408333 0
0.464527022319845 0.6186279836765178 0
0.4590564285764892 0.6059785761060498 0
0.4504647048141855 0.6167082907530932 0
0.4449928689723704 0.6047820322295047 0
0.4364338944644953 0.6148821860403942 0
0.4309025059736651 0.6029858878401075 0
0.422335374323392 0.6133989199291275 0
0.416975397689088 0.6004632377125301 0
0.4082506125597909 0.611546675871644 0
0.4029849467647892 0.5984248598234674 0
0.3941173860809347 0.6096145660540536 0
0.3887838313939614 0.5964082012538922 0
0.3798890341065059 0.6077146629448424 0
0.3743736926103424 0.5947563464851489 0
0.3655292561312279 0.6058932224900788 0
0.3599727339899901 0.592801591324335 0
0.3511151635279576 0.6038874379825997 0
0.3455612689504646 0.5903398280122785 0
0.3364863505629433 0.6019723507090355 0
0.3307842992248757 0.5881651166620803 0
0.3215936626501018 0.59979264317005 0
0.3158064601747577 0.5859503975166979 0
0.3064572775619647 0.5978687982768891 0
0.3005637498428821 0.5836731800771592 0
0.2910894535172846 0.5958529759198227 0
0.2851085123440049 0.5814307569683879 0
0.2756530398048211 0.5938963167390974 0
0.2697521425984261 0.5792518413223113 0
0.2792193184214365 0.5668478762128419 0
0.2638986652404622 0.5646310554032064 0
0.273347573019777 0.5523769124656087 0
0.258058142674199 0.5501407500352891 0
0.2675105994279964 0.538006764159737 0
0.2523016644589402 0.5357442253745206 0
0.2617012998254585 0.5236046798430953 0
0.2465255099213192 0.5214421451131376 0
0.2559566355064881 0.5094595398165955 0
0.2408180470805222 0.5072240995171706 0
0.2501709577978888 0.4952734505621339 0
0.2598264508020219 0.5906296148175076 0
0.235061488295726 0.4930614495998478 0
0.2445033552866794 0.4812036464494954 0
0.392794715433406 0.4159024013555299 0
0.2293805422400837 0.478912953171828 0
0.2387995110072126 0.4670358731819071 0
0.4061054410975714 0.455233520957319 0
0.223693784104558 0.4647991321811407 0
0.232448370683666 0.4530658695766308 0
0.2365224759133449 0.5330419080099561 0
0.2179065562218535 0.4506851313782717 0
0.2262268132761661 0.4385923560566321 0
0.2120351629058514 0.436493972520045 0
0.2210602721087499 0.4240692954177634 0
0.2063174982673239 0.4221722609249883 0
0.2158927271185011 0.4100822621694778 0
0.2310127075736964 0.4121768537975977 0
0.2256159036524581 0.3979163436921758 0
0.3913741742114437 0.3831542323306662 0
0.2102173410155673 0.3957732085905522 0
0.2200841231475031 0.383438425874249 0
0.2044133585872008 0.3812147278964173 0
0.214349969014454 0.3688856715828508 0
0.2299290066084646 0.3712054630123368 0
0.2242574402056504 0.3566844328177429 0
0.2396441282708262 0.3592290757818746 0
0.2341628848033281 0.3446462513541976 0
0.2186689380513684 0.342015596124405 0
0.2286641179736948 0.3298693925527828 0
0.2441381974358055 0.3325944012367466 0
0.2387909660266782 0.317659871200841 0
0.4025719817570006 0.3543123824164319 0
0.2231100531418803 0.3150149556121425 0
0.2333450953139385 0.3028640858131633 0
0.2489220018072392 0.3054976393488667 0
0.2435298474042574 0.2907839747420225 0
0.2589204288521546 0.2936187608836761 0
0.4445529839149044 0.3066689909177117 0
0.4212676224518937 0.3256697174751845 0
0.2536758027318976 0.2788259897571589 0
0.2380933777924788 0.2759151448570927 0
0.2484266626921329 0.2638313099244728 0
0.2638398797851946 0.2669429438097116 0
0.2326458022053609 0.2608316709285517 0
0.2587367157942582 0.2518041729373137 0
0.2741416435068176 0.2548534838736547 0
0.2690358610615486 0.2397904353266447 0
0.2844351531236702 0.2425790400412123 0
0.2793195325884235 0.2277588683646243 0
0.2947063557204089 0.2305435069872083 0
0.2142036419471028 0.4772479553884056 0
0.289483075266704 0.2163160572628237 0
0.3050858047853569 0.2187475685997935 0
0.2732837066208892 0.2133716573251774 0
0.4267187946047271 0.4805840908144777 0
0.2462602991279808 0.4552981572779961 0
0.2650885455827233 0.4975050714631474 0
0.3403422462813936 0.5769539436445648 0
0.298567551833077 0.205444426219106 0
0.3150847530581205 0.2075078710573747 0
0.288777525878389 0.2586138218784412 0
0.3214938500970588 0.2209585295618152 0
0.3314798332015338 0.2095202853113689 0
0.4731333698797007 0.2948485589370477 0
0.32476686824506 0.1958324579961825 0
0.341090821870307 0.1980590758294563 0
0.2822583612599478 0.6079547532566973 0
0.3550501918160742 0.6185608837091998 0
0.5790586091829326 0.6332459194193194 0
0.3469440741389742 0.210752331956739 0
0.3564656466137869 0.2007092983580734 0
0.3515309561626846 0.1861892361397617 0
0.3668094383173209 0.1895328597656921 0
0.4137652081717623 0.6239377128719297 0
0.1968036943635745 0.4344411187852779 0
0.4550025237155369 0.6301490107408886 0
0.4973459202840227 0.63459720954969 0
0.4536670309061557 0.4986354134713527 0
0.3729576399065611 0.2062047596297035 0
0.3820371763677338 0.1930757474546089 0
0.3776722778874929 0.1779896278811512 0
0.3925094409423974 0.1815938139754149 0
0.3973075123884949 0.1958176571018571 0
0.4075866190557343 0.1849284959750119 0
0.4037476825399495 0.1701249905118745 0
0.4180359899295381 0.1738702999335987 0
0.4224391709026164 0.1883776210870049 0
0.3821720751300244 0.5834531237951651 0
0.4326779581049657 0.177671014564404 0
0.4369594482859272 0.1919013080351152 0
0.4285336746018579 0.1643800958723444 0
0.6719840760591543 0.166359234930669 0
0.688380774086673 0.167040522891207 0
0.4476977933384664 0.1818009696481092 0
0.4512296105090604 0.1954532741298749 0
0.441308873405961 0.2056819580240454 0
0.4551923550111321 0.2088132656196195 0
0.4648048376958159 0.1992199912795571 0
0.6050407307001229 0.1260091144509821 0
0.6806935861823002 0.152897753559311 0
0.6970887415324059 0.1533548585051736 0
0.5620271819005247 0.5951896357286666 0
0.6334115009454304 0.205486095432627 0
0.4688386199378964 0.2121347955451271 0
0.4781878890522714 0.2027294244033392 0
0.4273536636696803 0.5897473487070652 0
0.4959487420670857 0.5985558158335709 0
0.4821777758727824 0.215436565107908 0
0.4914245968706271 0.205847833759998 0
0.4860688433369973 0.1925562685294691 0
0.4450317184875623 0.2190290011055246 0
0.6890819242807704 0.1387163047687027 0
0.7058501681579958 0.1391643846346985 0
0.4958332993960017 0.2208513331726862 0
0.5044612670150957 0.2095484327228039 0
0.5094050876564999 0.2229011742056128 0
0.5173528539219072 0.2126441906850061 0
0.521343573617817 0.2254874724550682 0
0.3977744825618592 0.4362161578433606 0
0.5651444780389325 0.3128509443721476 0
0.5874896048980729 0.4652424545311284 0
0.4951601417939534 0.2917756400170868 0
0.2821294699465955 0.5404282518437969 0
0.529852082804225 0.2157366989953025 0
0.533327858794582 0.2280992538513457 0
0.6978008972016443 0.1244385969192646 0
0.7147583834983573 0.1248207110835882 0
0.7228172706802063 0.1397265050847004 0
0.7318555259659534 0.1252496883068838 0
0.7400588056748623 0.140393339970255 0
0.7491628230092262 0.1256864168570567 0
0.7574074394069026 0.140999020456597 0
0.7666338637374377 0.1260831943911983 0
0.7750126487984709 0.1416527175243761 0
0.7843090505620693 0.1265605021567536 0
0.7926907050337739 0.1422259907967246 0
0.802165555289998 0.1270184338774511 0
0.8107237202204682 0.1429510937436309 0
0.8202723870610843 0.12749913869634 0
0.8288124859491177 0.1435124673028978 0
0.8192681108588655 0.158942850462636 0
0.8372643861183189 0.1595669286253977 0
0.8277302143559393 0.1748337741939531 0
0.8457040037318958 0.1755307762182666 0
0.8362078288742537 0.1907229536033018 0
0.8472678578484311 0.1444440231972917 0
0.8541196633415128 0.1914182624445055 0
0.8446656242919315 0.2065684884619999 0
0.8624853733505495 0.207288191106251 0
0.8530298744047312 0.2223302258700457 0
0.8708609440405815 0.2230917150021883 0
0.8614402899967569 0.2381400561891683 0
0.872463178652871 0.1924099809383341 0
0.8791732317601273 0.2387900902762162 0
0.8697663687244284 0.2539290536268819 0
0.826976268636912 0.205741723743537 0
0.8521260111010001 0.2532190516235691 0
0.8604144608633193 0.2692562259141671 0
0.8780114453424555 0.2696837412218617 0
0.8685132822955005 0.2852148279005318 0
0.8862449195552806 0.2853770819782092 0
0.87667720335897 0.3005773343012188 0
0.4856122581112389 0.2287555153705446 0
0.5422147008866594 0.2188005595778534 0
0.5457031692592681 0.231121860541897 0
0.5262594315739508 0.2029964110804889 0
0.7231651880195276 0.1101152782902291 0
0.8429808995101588 0.2685915941235864 0
0.554698669119406 0.2219091978249644 0
0.5580532514042184 0.2342514730625449 0
0.894503952544613 0.3010632031737173 0
0.8849426662749837 0.3159454425890486 0
0.8115717395545254 0.1115021505505294 0
0.5492585963612058 0.2432415396303734 0
0.5613686974199992 0.2462849052357922 0
0.5702288500613765 0.2374192752760753 0
0.5734583512941168 0.2494649503166081 0
0.6808678489508635 0.124120742169624 0
0.8671946776305375 0.3156656538111386 0
0.8753979288973239 0.3308565715043774 0
0.892989731131369 0.3316270219176252 0
0.883394772600801 0.3464491129357141 0
0.8658839009855643 0.3455282649394498 0
0.8738029929056649 0.3610402080173456 0
0.8913426086599013 0.3621669375633465 0
0.8816747991630083 0.3768154069955548 0
0.8993267589925898 0.3780149162875908 0
0.8895301602475444 0.3928374222196828 0
0.8719000139701008 0.3911991090883114 0
0.87967983729347 0.4075427194281279 0
0.8973653206883255 0.4088240427576596 0
0.8874448044921959 0.4235752192077801 0
0.8702317281665436 0.4220807622060797 0
0.8775517036524068 0.4382160219150553 0
0.8951458959996801 0.4395790121819099 0
0.8851292910298372 0.4542248878539156 0
0.5824091872817082 0.2406598115354522 0
0.5855513385651692 0.2527888257924388 0
0.5256096763863455 0.2379420489854144 0
0.8681860616390098 0.4534123707525208 0
0.8751472170853236 0.4689776836420858 0
0.8927495797810856 0.4702931303006145 0
0.8825895641488454 0.4848844807560168 0
0.8649756026565176 0.483449507077767 0
0.8724183229211193 0.4993490823317388 0
0.8549359037220099 0.4977613406461695 0
0.862291826869179 0.513703579215226 0
0.8798224813205466 0.5153269103278802 0
0.8696719990703642 0.5297756637029506 0
0.8509109571220947 0.5297495771982247 0
0.8594223554537994 0.544172008391699 0
0.8771624030131795 0.5459296281227691 0
0.8667428443507929 0.5604713613644907 0
0.8489153346973487 0.5586794795020006 0
0.8562262826306906 0.5749817737692163 0
0.8392374700797882 0.5737819362951833 0
0.8459058694778232 0.5896237795499808 0
0.8281917849283704 0.5877933877591852 0
0.8353537973976863 0.6041215131648345 0
0.8530112195535058 0.6062951035061512 0
0.8426529457257589 0.6206592465392373 0
0.8246567849553422 0.6187321859658561 0
0.8319377345887725 0.6353421611271459 0
0.8138037981256263 0.6335186358536304 0
0.8500610514379249 0.6370230565949622 0
0.8211784473664908 0.650049098840928 0
0.8031236758344102 0.6481444196824994 0
0.8104933626340656 0.6648254387877252 0
0.7922467499141012 0.6629281196924095 0
0.8846053204013864 0.5623610886327944 0
0.799638208667656 0.6797674724980782 0
0.7813708490693978 0.6777186545350371 0
0.8180820584595373 0.6814996575590726 0
0.7740471982894338 0.6610354912689321 0
0.7633646004474856 0.6756373386785016 0
0.7561324939624234 0.6591014393525507 0
0.7454700664097822 0.6735789797339053 0
0.752212200419451 0.6902738637899057 0
0.7346041966865509 0.6880659351548587 0
0.5824686490082042 0.08178021345153515 0
0.7276329748043815 0.6714240852636353 0
0.7166620729894275 0.6859235905939115 0
0.9041266028540221 0.2859166204899812 0
0.8213252117995727 0.5689823665052418 0
0.7643782784550771 0.1555976220255654 0
0.8070796854839656 0.6967323608380418 0
0.8258190282171879 0.698489647919361 0
0.5207558056010766 0.06531302549887597 0
0.6544522346389351 0.5766115518825943 0
0.55680127338449 0.1259055353791967 0
0.5763035365725193 0.26130027864591 0
0.5887144020113424 0.2644498266285367 0
0.5975301582563364 0.2560328314354804 0
0.600704499841263 0.2677822677519945 0
0.6094920633313655 0.2595043067354476 0
0.6127643542765649 0.2711088716548841 0
0.6216110627136384 0.2629318212303714 0
0.6249233460088572 0.274597473141262 0
0.6339392160493938 0.2661187319336163 0
0.6370554023060204 0.2784864827962864 0
0.6282215779619895 0.2870139080745607 0
0.6400403220308847 0.2908850918268381 0
0.631256844571759 0.2996648857815916 0
0.6429786681059688 0.3030200264048695 0
0.6341423975265701 0.3115883955656543 0
0.6459128587984985 0.3150966037669352 0
0.6548144805119335 0.3064958497169155 0
0.6575417892475814 0.3186248025424544 0
0.6487579746151642 0.3271237982470064 0
0.6603774765413943 0.3306661934618187 0
0.6516395177340942 0.3390365218136511 0
0.6631715054689884 0.3426208080102069 0
0.6544679007520209 0.3509499024214741 0
0.6659981287569526 0.3545214072210158 0
0.6573914627913255 0.362812716882733 0
0.6687261881318944 0.3664237489233676 0
0.6601824468736385 0.3747398482493818 0
0.6716508979100133 0.378300745393889 0
0.6628001878936063 0.3867205296027589 0
0.6745151513606001 0.3902458270751542 0
0.6655036555648628 0.3988252896081851 0
0.6774312660580516 0.4022846135822354 0
0.6682813526555013 0.4108963584020479 0
0.6835734527307824 0.3813883292819213 0
0.6693344229998257 0.3229915079483213 0
0.680407977576434 0.4144395542583686 0
0.6710902501291237 0.4232320741482952 0
0.6832958025332191 0.4268319330008665 0
0.6739607768652305 0.4355238367094386 0
0.6618872464567148 0.4319129232741019 0
0.6645884162762542 0.4442081914838639 0
0.6927685103749983 0.4179773795369196 0
0.6767428486711644 0.4478861396973574 0
0.6672500725528989 0.4566590410772441 0
0.6796356375036512 0.4605187555623893 0
0.670022950492942 0.4691927928252482 0
0.657748558846921 0.4653208262569622 0
0.6604309392394287 0.4777389954389867 0
0.6482708627788466 0.4737684721057935 0
0.6509464557763525 0.4861628193607318 0
0.6389648023596456 0.4823676416140668 0
0.6415148776838183 0.4944639735940902 0
0.6297843282134091 0.4906668735818241 0
0.6322426377055119 0.5027312067376547 0
0.6206088091533178 0.4989629096044539 0
0.6230869509814538 0.5110469527891424 0
0.6114950807158315 0.5072435136760456 0
0.6136769016538625 0.5189811739884156 0
0.6024983623681825 0.5156515709707193 0
0.6045336061992921 0.5272347046332045 0
0.5932837744559974 0.523958965938776 0
0.5956224595164216 0.5357905768678412 0
0.5840214995913416 0.532028580643444 0
0.6363805265027381 0.5159701675294389 0
0.6457528858095781 0.4613310323507697 0
0.673582469234947 0.482894550953513 0
0.6035744566937492 0.2803162186318812 0
0.6464075507243503 0.2696071227583428 0
0.4679026686915264 0.5957444201802604 0
0.2451032201988575 0.3736946621594763 0
0.2642178987575796 0.3080172050781333 0
0.6531034144136154 0.3953805691654919 0
0.7297254008245084 0.3023432429583175 0
0.7666239806259592 0.6446824591692112 0
0.6092726769077519 0.5391772499553845 0
0.6745610055947788 0.619071507400792 0
0.856344499946923 0.3601478321833189 0
0.2546989549392792 0.3618161771873973 0
0.2599215861178857 0.3758876750319906 0
0.2692267762959494 0.3643665441195658 0
0.2743450999946958 0.3777808588721261 0
0.2835475162346131 0.3661434831908098 0
0.288409960629426 0.3797590536204997 0
0.2971542704581032 0.3686951911507961 0
0.3017913408208204 0.3815904726510003 0
0.3101560793122614 0.3713212729831105 0
0.3149193280578183 0.3835391326391476 0
0.3067011711949005 0.3937928481509845 0
0.3197561306200542 0.3952238697093744 0
0.3116432131192282 0.4055899198892946 0
0.3244313291075103 0.4071239819047241 0
0.3163199037918925 0.4173816845493597 0
0.322932763380702 0.3733640323054499 0
0.3183978187019786 0.3614658625896002 0
0.3288187715234951 0.4191362922679147 0
0.3209947685078333 0.4290730069690574 0
0.3333215122112114 0.4307543592890637 0
0.3256672058263484 0.4405487063129729 0
0.3376539290999607 0.4424187573015416 0
0.3302061415961106 0.4520398516455391 0
0.3421790758611483 0.4539711281100045 0
0.3347577681515745 0.4635247683652133 0
0.3469701918501525 0.4653646751221118 0
0.339369525517904 0.4749853489834237 0
0.3514375239252091 0.4766566140586962 0
0.3439697959132152 0.4864655669186395 0
0.3560698579466045 0.4881931349183722 0
0.3309612226816181 0.3635636476791408 0
0.3265746831024212 0.3517926465779616 0
0.3484978604397052 0.497968348323822 0
0.3609013526325292 0.4999326513156401 0
0.3388688866165702 0.3538976582760057 0
0.3345763160702063 0.342217616325445 0
0.3179150203362406 0.4503048322906533 0
0.3364448288216305 0.4088258751961904 0
0.3471157918608196 0.3451536501368375 0
0.3429967964678358 0.3332077579795685 0
0.3302419282392165 0.3305714799574542 0
0.3383933251448619 0.3209374952426539 0
0.3507147374412301 0.3232430106833705 0
0.3464954750775976 0.3112585675528158 0
0.3584262272323513 0.3131456388595842 0
0.3545679304099617 0.3015819777369532 0
0.3669299600650627 0.3037745929420272 0
0.3627609897723594 0.2920274227761166 0
0.3751517620850477 0.2942454007518828 0
0.3709509300186549 0.2824852407000802 0
0.3832135199340799 0.2846275704553002 0
0.3357752894945424 0.4959540761240865 0
0.3791132784856517 0.2728634530420958 0
0.3914302771883476 0.2750074518687734 0
0.3564958587989597 0.2796959013517319 0
0.303470621767667 0.4157495788360697 0
0.3528953276022376 0.5094981354518753 0
0.3655673670693803 0.511517979761668 0
0.3257186495722667 0.3185181496209707 0
0.3746760572519521 0.5007064615431721 0
0.378005102051629 0.513258686757387 0
0.3703211614444678 0.5232260869661722 0
0.3828153479575904 0.524848295200999 0
0.3427182984473464 0.3651866781320806 0
0.3872976365397044 0.2630912014032748 0
0.3997888644188988 0.2655058756392006 0
0.3903079620457957 0.515270182872132 0
0.395127117449257 0.526363760853543 0
0.3457259438438524 0.4329984309793394 0
0.6343141693243235 0.6299108009846413 0
0.8065833715766071 0.6168621082913343 0
0.9004006161096072 0.4864568954582345 0
0.1985924816325982 0.3664015958801779 0
0.1885468056298597 0.3790027239395994 0
0.182604003715331 0.3638661013880147 0
0.1725073684062221 0.3767008320620061 0
0.1663654013998371 0.3613815291405847 0
0.1559314024714678 0.3745616867374374 0
0.1497358925867441 0.3588165323868803 0
0.1391920279698118 0.3721048400859031 0
0.1328817131391495 0.3561762171311418 0
0.1435823210755838 0.3428007471521785 0
0.1264987311757606 0.3400906911373363 0
0.1374096221231538 0.3265051226295166 0
0.1201029677621639 0.3238107388926186 0
0.1311275261578994 0.3100571673866438 0
0.1454884362402768 0.3879978353662855 0
0.1288833981624634 0.3857956210416849 0
0.1350966648853827 0.4017479234142517 0
0.1136350853215154 0.3073653010741443 0
0.1247702259519812 0.2934908973016089 0
0.1182109999675047 0.3994155659481726 0
0.1245006459864271 0.4156101148688483 0
0.1070783767364739 0.2907368325945802 0
0.1183359790922069 0.2768094392626621 0
0.1353708725770326 0.2798415832124859 0
0.1289549615896316 0.26315172852688 0
0.1118226479603616 0.2600601306792548 0
0.1231483357589602 0.246128043852347 0
0.1414594220149283 0.2494222341703959 0
0.1348554990426241 0.2321725647069259 0
0.1168293014344468 0.2291485743990919 0
0.1284510856473489 0.2151139793535952 0
0.1464136637102041 0.2181332543865566 0
0.1400997004608044 0.2011047353583963 0
0.1580391981305831 0.2041925600747534 0
0.1517314817931908 0.1871201174088057 0
0.169598093829002 0.1902681797537156 0
0.1633796936646078 0.1731606393230317 0
0.1453382275514549 0.1699696985532366 0
0.1571255359618865 0.1558698697402104 0
0.1750790509590245 0.1592123933081472 0
0.1388818140641115 0.1527326872303336 0
0.1689412124961233 0.1417815228067443 0
0.1869484949837657 0.1451095195663825 0
0.1808469000079695 0.1276741603522226 0
0.1989240572524764 0.1309476529341064 0
0.110392160489334 0.2119463562921752 0
0.1091231143048208 0.3375727588669476 0
0.2048583693192974 0.1485749631784952 0
0.2170075274660521 0.1342391207527529 0
0.210803331208211 0.116999404017432 0
0.2287926911615714 0.1203034362601078 0
0.235130982567366 0.1374006772839926 0
0.2468105169078525 0.1236085807959536 0
0.1071055399546217 0.412941007935987 0
0.113664835145494 0.429339164781532 0
0.1009184754384363 0.3969838276248797 0
0.2406858930164583 0.1064560164629875 0
0.2585775569594008 0.1098909860984155 0
0.2646066753356244 0.1269291050586192 0
0.2763485990074571 0.1133334407848094 0
0.2822370179350493 0.1302487656088162 0
0.2940168621053101 0.1167729672835335 0
0.1757987009746261 0.2071394088166482 0
0.2881262406730613 0.09982639529258029 0
0.3057459441346987 0.1033413364501196 0
0.31156105862338 0.1202091624957149 0
0.3232652344619724 0.106894725625628 0
0.0960778616424961 0.4267578099012831 0
0.1027704729347679 0.4432050267023659 0
0.1202934763774222 0.4456914665934923 0
0.1095006745668893 0.4595839428242035 0
0.1269038434313271 0.4619203473422662 0
0.1162403188199789 0.475791937817212 0
0.1335030187223727 0.478128552909694 0
0.1229241655189326 0.4919281617871077 0
0.1436456832008377 0.494546250380725 0
0.1300715521003125 0.5080857460051972 0
0.1479406606869051 0.5113781017935276 0
0.1364614444991969 0.524383156934917 0
0.1189024702840814 0.5218806976635191 0
0.125646715087245 0.5380428918550877 0
0.1429734691263864 0.5404305624589747 0
0.1323470873044419 0.5542149862010028 0
0.149657012222717 0.5565517172635382 0
0.1390797358826857 0.5704413166516524 0
0.1564319165582803 0.5727541969529146 0
0.1457483768773183 0.5867069633863429 0
0.1632340274173614 0.589010561480624 0
0.1525765335645505 0.6030137679305481 0
0.1701070460083399 0.6053306799412714 0
0.1593263203492488 0.6194432749159186 0
0.1769925313896381 0.6216998578990754 0
0.1661487969206304 0.63597082283837 0
0.1839138259062162 0.6381610718313934 0
0.1482224964648559 0.633485044338492 0
0.1553674740590761 0.6504946779213623 0
0.1369403657043705 0.6478177247029669 0
0.1443134588033307 0.6652352127818185 0
0.1279119364530986 0.5840139031817265 0
0.1256458957129172 0.6627281369231397 0
0.1328623763958971 0.680108287933533 0
0.1517306607518977 0.6825438362155987 0
0.114161989321381 0.6777157862656908 0
0.108153885480862 0.5351039711354181 0
0.1069309648423198 0.660160553124386 0
0.1814485725870451 0.5917953951220979 0
0.1401040725123259 0.6974842915593641 0
0.1590118013053068 0.6999077868904316 0
0.09871104587003525 0.4735504701303676 0
0.1675899018142958 0.5593236795524954 0
0.1485928341151139 0.3141724153832501 0
0.09534548359816272 0.6751473660643984 0
0.5269322675681075 0.6406184339149585 0
0.3604174785554675 0.4648650429585793 0
0.7230624439889135 0.7026133340276817 0
0.7057599181642017 0.7003221594848769 0
0.6987378252265073 0.6837845612990604 0
0.6879779022195689 0.6980383094325833 0
0.7996166247364775 0.4390744305478442 0
0.09865667494776476 0.2262400329833118 0
0.8299916446378003 0.1119623899502753 0
0.7490692925470493 0.6428187312367548 0
0.759352316258827 0.6286506084659806 0
0.102318234836924 0.6925030773788398 0
0.3707321066560157 0.3147488052669734 0
0.9092582083403857 0.3630544497002964 0
0.7709751805621298 0.5073914037667345 0
0.1626130912895424 0.1243799943296246 0
0.1745949170459714 0.1100957201151742 0
0.1560780540297298 0.1067954072306506 0
0.8951862906150159 0.547520362693656 0
0.902792534891984 0.5642156146264737 0
0.09211035208452772 0.2087943189065755 0
0.4040237188519589 0.2774323742612274 0
0.412386971409974 0.2678224003002466 0
0.4081067573501144 0.2560610900516839 0
0.2175538689089978 0.3001263613073392 0
0.5864304313911115 0.5441194706321626 0
0.5749870880752792 0.5405912563272619 0
0.8892001548622346 0.2251807909126393 0
0.09588949547728798 0.3048116518136844 0
0.08917147635917086 0.2879039413132092 0
0.6897313413689897 0.1095062232413679 0
0.672409163919687 0.1092359146272217 0
0.6815062846587839 0.09431958774643469 0
0.6638445062449015 0.09407477241603981 0
0.2478112014008083 0.5613204061422624 0
0.4025326350760915 0.516625733326652 0
0.4072159196534992 0.527716130186172 0
0.7758102323116364 0.1109119005872237 0
0.7492090548194229 0.2499717331490346 0
0.5791155371861419 0.2271686458517837 0
0.3288123102749431 0.1236751427997562 0
0.3405560885262574 0.1104795964136754 0
0.3349828873210601 0.09356580124881454 0
0.3523928570546795 0.09725447143018079 0
0.3578732564397584 0.1140386402832763 0
0.3696846971754167 0.100947842536727 0
0.2256280755355467 0.505702784315309 0
0.7751058313329352 0.304611337364689 0
0.2528736700648571 0.2360934413646678 0
0.3139407131521817 0.611977652909929 0
0.3853981648163585 0.6206684323402731 0
0.7348470982421248 0.5560773975688347 0
0.1947297579517523 0.6239645731671275 0
0.201583435803048 0.6403323174438749 0
0.6456198074084167 0.3593163651779708 0
0.6816495307486897 0.680955555203998 0
0.6704328494162559 0.6956382319128713 0
0.9132758609269496 0.5491943538001078 0
0.6522789464494119 0.4994002485096672 0
0.6752291974574504 0.3465588293774212 0
0.5512178158853736 0.2093534368805777 0
0.4204156053879556 0.2585230673594248 0
0.3145963434185288 0.3486773150473626 0
0.3442750857091061 0.3007580300435702 0
0.5528069865574476 0.2552124737042396 0
0.3746241833141012 0.2607361109430488 0
0.3270439819022162 0.473223835648833 0
0.8210559168417527 0.09562019044720051 0
0.839840921443997 0.09617245163731254 0
0.6230861998782153 0.3088072979023149 0
0.2705621162521137 0.1437672903996392 0
0.6253217686401904 0.319817996302672 0
0.9125058605362325 0.301878000933776 0
0.910724146112123 0.4716307009735077 0
0.6431524736162172 0.2568915496304076 0
0.2525625884000169 0.09257891813715383 0
0.2344532181766046 0.08907869052063913 0
0.3985383676983772 0.5067628692243538 0
0.0875676744953129 0.657848011596621 0
0.08501359185103731 0.4407390638399695 0
0.1506731133646558 0.4800031640175106 0
0.8067278683592205 0.4534302463778414 0
0.4143885883680193 0.5182384488394947 0
0.4192392495509803 0.5291759913973327 0
0.411935369649798 0.5388406761982012 0
0.4239766149412956 0.5402155822068917 0
0.7268323619253094 0.4742041197030154 0
0.1473521275481833 0.7150583627881283 0
0.1663400507831478 0.7173837118155558 0
0.1778496941272628 0.7022533100605243 0
0.1683006243276022 0.09237525848064322 0
0.1495805921443396 0.08921029933571657 0
0.1373496365696031 0.103603982257953 0
0.1307716387415899 0.08585130271664881 0
0.1185073775128019 0.1003431977287712 0
0.1118563615252593 0.08245005485352759 0
0.09944944780364814 0.0971300566830543 0
0.3874398010031966 0.2965455887039559 0
0.91741146828704 0.3792140197001639 0
0.6939964212611455 0.7146276771331374 0
0.6554364743056902 0.260542559114621 0
0.2999163499784438 0.08623634864537424 0
0.1852348335335336 0.7196633610647099 0
0.1965871040878777 0.7045951631884071 0
0.2040473535076756 0.7210761571993296 0
0.2152705098573521 0.7068535169111921 0
0.6264242573060766 0.4764591790957567 0
0.4311784501236767 0.5305660241185545 0
0.4359454546173129 0.5414213297255521 0
0.4429015059833897 0.5318697921774512 0
0.4477088286377985 0.542658786520579 0
0.6906607771387919 0.6204613104444763 0
0.6063047776255504 0.2476747837488643 0
0.8486649571872704 0.3447792759759544 0
0.375187827313656 0.5350310169700034 0
0.3623746555914847 0.5333359490987539 0
0.5793115384106641 0.2718948456072411 0
0.814652385499709 0.7137913127408689 0
0.8334636666937836 0.715591209265487 0
0.8446546225551086 0.7002967128079784 0
0.8524530344633694 0.7176114350340229 0
0.863654715944512 0.7022642948374075 0
0.871489981861739 0.7198327138509691 0
0.8828084369371503 0.7041961054380216 0
0.8907363246385644 0.7218535806600268 0
0.9020614230804771 0.7061348198495609 0
0.8941162208265273 0.6884590132922797 0
0.9133799283820623 0.6903907361964339 0
0.9054175924034796 0.67269827234378 0
0.4245921954835946 0.270125544318935 0
0.4324651464726473 0.2611094298315361 0
0.07822556251668905 0.4240094460224766 0
0.5817998864878584 0.5204890585192341 0
0.9185167651222096 0.4881050470603229 0
0.3751054912463326 0.1175975994521105 0
0.386842806713873 0.1045973568396777 0
0.381508795090403 0.08788019350465512 0
0.398691341344176 0.09166185243250709 0
0.4039832548668361 0.1083369844252565 0
0.4157973174827381 0.09549929683055741 0
0.7146608082622146 0.5135650907844357 0
0.6965106915155519 0.4307828203558771 0
0.7056059960487027 0.42157269976199 0
0.2072087813722384 0.3124211379256657 0
0.2015180072737076 0.2972292563589296 0
0.2881749393266931 0.1468513999979912 0
0.2226509862076824 0.7231335564051979 0
0.2337648777326866 0.7091853975956605 0
0.1365833211619052 0.4485264917073609 0
0.6651723575650497 0.6782616803985646 0
0.6530565192704676 0.6932942249745976 0
0.6595772843198875 0.7098505995460487 0
0.6420058198975716 0.7074973299179448 0
0.6352654129924951 0.6911979791591225 0
0.6244480875259633 0.7051333106044728 0
0.6177261236082354 0.6889195743150559 0
0.6068640881105187 0.7027466634657761 0
0.613588806354347 0.7190895509613759 0
0.596038950277714 0.716620662865465 0
0.5893872024024293 0.7002950329622739 0
0.5785793638012762 0.7140553304101586 0
0.5721498190317348 0.6978279021528602 0
0.5613168174852011 0.7114693306058917 0
0.5549544166250451 0.6953961523684422 0
0.544206072532325 0.7089103212810899 0
0.5379003018183164 0.6929932938680914 0
0.5272863560362373 0.7060990143212067 0
0.5209986629340585 0.6905526638957392 0
0.5104806524324461 0.7034821488638923 0
0.5041974296539521 0.6881385158713179 0
0.4937328071174448 0.7013023658172939 0
0.4874712003472238 0.6857444016019607 0
0.4771178178670961 0.6989183326374415 0
0.4707964685551709 0.6834873916604197 0
0.4605929804875921 0.6965127646301008 0
0.4544929996579698 0.6810916323675824 0
0.4441018542889739 0.6941180299323415 0
0.4502700599434553 0.7097686017183225 0
0.4335326649278762 0.7072551130326789 0
0.4274493893836637 0.6914346781862551 0
0.416795103761316 0.7045594244978055 0
0.4107843975335926 0.688846883938679 0
0.4001083627101649 0.7019465918686173 0
0.3941065827672637 0.6862244313413699 0
0.3834525892793107 0.6991641002943317 0
0.3773532569082161 0.6836971248363241 0
0.3667603562340261 0.6965223662069625 0
0.3606100564225572 0.6810464227366807 0
0.3500285593848682 0.6940091237611413 0
0.3438925651990983 0.6782313755977325 0
0.3332387399357869 0.6913937946293029 0
0.3269704303085681 0.6747007848803819 0
0.3159362442959777 0.6882993915844154 0
0.3095676169544828 0.6702816984780262 0
0.3225263646074124 0.7048150986449739 0
0.357019266209479 0.7099106643781095 0
0.3048485836043234 0.7017812855593794 0
0.3894402842927535 0.7148548750803476 0
0.4828334905027005 0.716140735097061 0
0.4396921738346796 0.7232914339903873 0
0.3116317263737134 0.7186332819623849 0
0.3829593401325964 0.250837013659362 0
0.454131034925132 0.5332974884435845 0
0.4594518546882855 0.5438901774694502 0
0.4524695642624382 0.5535884617528033 0
0.4644255913146909 0.5547660422707844 0
0.471443092674756 0.5450410439254867 0
0.4763993246542362 0.5558933381430334 0
0.4832659856051689 0.5461469285304862 0
0.4881130098719818 0.5568554128857502 0
0.495138594483666 0.5472192579116202 0
0.5000317789810936 0.5576294207879486 0
0.5071800003514655 0.5482665620276639 0
0.5122247157917075 0.5588840523785822 0
0.5193404505975541 0.5492309849237944 0
0.5240278158435092 0.559921473564045 0
0.5313646583678491 0.5503900427548332 0
0.3468797965103372 0.08017354261452497 0
0.09281706025393473 0.07883235785979087 0
0.07505401531091643 0.6725946537236157 0
0.5322969727322664 0.7213686023631734 0
0.2409986777965898 0.7262783863112818 0
0.7299554945926905 0.1540813305882131 0
0.0996343501736591 0.6425897508633589 0
0.08025676277876859 0.6402715679412107 0
0.6630569437687044 0.123729461944198 0
0.9212760198767567 0.5659329483020472 0
0.9104253036031748 0.5811683176016487 0
0.07773761816066846 0.3023241019836877 0
0.910092712122737 0.723874102895482 0
0.9222600131927672 0.2865264240313403 0
0.4209691079194608 0.112031844188297 0
0.4326834797737043 0.09933695599644579 0
0.4378029879220601 0.115668276091289 0
0.4493966128323883 0.1031324163923267 0
0.454538133451623 0.1193709701644822 0
0.4658815247439545 0.1068624713799448 0
0.4710753001186841 0.1227505012224351 0
0.460696092548905 0.09154401956522713 0
0.4282606958972409 0.08238358693325216 0
0.482086643480467 0.1107609663488926 0
0.4869585077252561 0.1264561454985904 0
0.2123162142816852 0.6263815166087953 0
0.2198672418569777 0.6429999356659237 0
0.4362525341701096 0.2725530623627284 0
0.444188268903732 0.2636497167761749 0
0.2791829555428157 0.3512768975004242 0
0.5892431908016732 0.178969569957347 0
0.4317320555819196 0.2157277948909595 0
0.2655011860145817 0.3890146320441039 0
0.6395440337069143 0.5753197864050937 0
0.648007151258851 0.5632991447950288 0
0.4761792111478931 0.1382971080841847 0
0.491819715447846 0.1417831009263599 0
0.9319804786676236 0.5507008967786347 0
0.6527876023483867 0.2466267027006306 0
0.8158237342676435 0.4400512341294155 0
0.08020170386304799 0.2233667158644643 0
0.2739532215995871 0.2965013286687913 0
0.2790719676188408 0.3105140341656523 0
0.2885496652950392 0.2992781551190992 0
0.3099603073551515 0.5723735692267696 0
0.07102520708455996 0.2851710835124602 0
0.5771674145114979 0.5526037314922102 0
0.5892633489830207 0.556567632706004 0
0.08034184369528088 0.093748028378347 0
0.08704843046425813 0.1120239928449358 0
0.6094963191120035 0.4958079011778758 0
0.6729596853360629 0.07889903302677231 0
0.6908469236212902 0.07922204670749042 0
0.6552384727588586 0.07866924622965751 0
0.8393076677531688 0.3589591924673706 0
0.8347551446434107 0.2528632046928182 0
0.8259256506986673 0.2682281196921586 0
0.8177897064439585 0.2526461787039275 0
0.4215581187381259 0.6760133364083014 0
0.648738095030162 0.7241617897322383 0
0.8100127400022821 0.1740906183887795 0
0.8339498288082591 0.283862698179371 0
0.1872395874048495 0.1934618367536888 0
0.1933661932241433 0.2100710972826526 0
0.2046150499519119 0.1965969819155246 0
0.1821543111429723 0.2236917179563249 0
0.3673333670917811 0.5454272192924388 0
0.6188321198155221 0.2051407389294888 0
0.1521545798893733 0.4034691707866132 0
0.9274423825376361 0.3639363990921783 0
0.535296523635709 0.5608119344060292 0
0.7419041148297959 0.6264482273161143 0
0.7523052656926983 0.6127950966041367 0
0.830853001921006 0.07961286244573207 0
0.8497445040003551 0.08011104452999561 0
0.8587311910261928 0.09682442950483834 0
0.8687516734038487 0.08065926631465739 0
0.8777853081536617 0.09755374653375352 0
0.8878825340599841 0.08119314908587037 0
0.896997936417627 0.09826091357783487 0
0.9071893618825305 0.08172736537411238 0
0.811941193994735 0.07914205011161138 0
0.916154254134903 0.09877141868178008 0
0.9060496619517627 0.1153431466743065 0
0.928426287877539 0.1173224737205804 0
0.9151045192637075 0.132468535280517 0
0.3931692463964546 0.07581796558676066 0
0.4167416011669412 0.5501621186843496 0
0.6147275378058673 0.3171154942076183 0
0.502579111811848 0.1301005298035848 0
0.5071206993971111 0.145150319360747 0
0.9246796633542318 0.6746273332005326 0
0.9166199950592034 0.6577693984725002 0
0.7959190712675877 0.7118750967974538 0
0.926458416737945 0.08221891062583545 0
0.07359787038853507 0.07541878301164176 0
0.07356073385774738 0.2057523079611256 0
0.08558613161031206 0.191113361811422 0
0.0924162027316745 0.6250612497341286 0
0.3634548822640481 0.1304845512970542 0
0.07359700524729833 0.6224660201392965 0
0.08530286471211791 0.607472578894181 0
0.567651548243741 0.7278536425682629 0
0.3873597963394078 0.670696939966927 0
0.9291529813136523 0.5829301149881687 0
0.2765160778851025 0.1600788399919482 0
0.6579849046365635 0.273633156261409 0
0.1431271184088143 0.06973049479428076 0
0.06786349518581652 0.1087032815504853 0
0.07461898627941844 0.126988243191643 0
0.7797652106307613 0.4923620624663005 0
0.7866320399316921 0.5064050314238419 0
0.5263667605972555 0.5394625061085235 0
0.5381171772363464 0.5405359421292902 0
0.428725274592281 0.2805194460898395 0
0.9137505850679226 0.2704010064571259 0
0.9321411452947972 0.270976684013809 0
0.1012163823468823 0.5192055267090907 0
0.09021416870930195 0.5327338765817835 0
0.08325814013003689 0.5164883989759869 0
0.07201239171886055 0.5309351836244171 0
0.0791070979233183 0.5465568314590549 0
0.9307855229972477 0.3027687065442851 0
0.1766972195407712 0.3486377530407397 0
0.5021396682000019 0.5375212870340483 0
0.3704634497871019 0.2480870282706325 0
0.8596912242172242 0.06419208599835632 0
0.9180430111798707 0.5981188621399024 0
0.6461981665265709 0.09384664501338293 0
0.6375054093031518 0.07844522751960004 0
0.9234333498531097 0.254607049588172 0
0.337079636770461 0.6602300517125125 0
0.3801054945047785 0.5467580265623473 0
0.5473622930308829 0.6802578429773427 0
0.2465078150750983 0.07499760163745384 0
0.2281760726839666 0.07152281742329 0
0.8092023071846557 0.2683782474316025 0
0.8009582982391 0.2520500747336739 0
0.6169126373798826 0.3277234163918708 0
0.7956961732213076 0.4932470646837098 0
0.8028766100375978 0.5077977491078267 0
0.7942325856515746 0.5210173666034097 0
0.3542732381604303 0.5436308569594627 0
0.7023220358064197 0.4086880681533833 0
0.7156644750076346 0.4132000521697071 0
0.7120259170515829 0.3992851869597605 0
0.6389032830242226 0.2440425035524478 0
0.8602240914447133 0.7345676337262479 0
0.5828776880306937 0.6841285130151483 0
0.2530550034022075 0.7114019374619943 0
0.2449989837908712 0.6946478362785591 0
0.261390655378397 0.728881786826668 0
0.06653437005220399 0.604867126770557 0
0.2296769737723885 0.6286693381784307 0
0.2376856146794072 0.6449874628796622 0
0.22291947630562 0.6126333487325919 0
0.9289592120662871 0.4730034237921287 0
0.517657250444261 0.5699038368519905 0
0.4476441796235358 0.2749567706643639 0
0.4556032421840506 0.2662072126796661 0
0.4520707062141569 0.2548578379114095 0
0.4636051674030309 0.2574399206165637 0
0.06684246488742684 0.1879885613605615 0
0.8481643393295943 0.4824535078578028 0
0.5334019711041937 0.530128523818752 0
0.5446828581707418 0.5308592397310741 0
0.9357353534542576 0.3804002978007251 0
0.2116582138621042 0.2129414360702784 0
0.2221413983282873 0.1994995242403198 0
0.06692779055386253 0.4382912710396618 0
0.8035033950062782 0.7290913458697532 0
0.7846956811516659 0.7270652338732546 0
0.7165414464988437 0.425509701016262 0
0.664572447786198 0.250910402491273 0
0.6813274843281105 0.6337761312380592 0
0.6284215443048289 0.6752274343863554 0
0.7206806790179777 0.4610134768163455 0
0.7128308839971821 0.4725241452680629 0
0.697682451524736 0.6351917563088688 0
0.1547979499462783 0.7327194046563037 0
0.1356238275646805 0.7303166158222717 0
0.4092132623829217 0.1247837478528842 0
0.0600591744812595 0.4212128645899566 0
0.8317523035408481 0.3440051634075585 0
0.5418137418785457 0.6425123861105607 0
0.480977847126173 0.1533581956989887 0
0.6026919851933149 0.7332689879100509 0
0.06504727263805915 0.5139926259748003 0
0.9327192413021219 0.6923479134913083 0
0.2104999246913111 0.6579421729748983 0
0.460098979019914 0.2459356771299596 0
0.2934336133734789 0.1633721312565119 0
0.896745916061451 0.6563977721401622 0
0.8959106865168588 0.1317365925687579 0
0.9048883098437732 0.14869407278188 0
0.9234976399579897 0.1496931857043901 0
0.9137170924134599 0.1656670051584728 0
0.9321781014770366 0.1667407384771341 0
0.9225424011268566 0.1826019402761107 0
0.6465013453741207 0.06337507715083195 0
0.6285014792210291 0.06292507299489591 0
0.7251512317886755 0.4033735888345211 0
0.7217908804167309 0.3895763232367794 0
0.09477044605730139 0.1295303685447009 0
0.1946151763394816 0.7370878823641769 0
0.4374766019535776 0.5208109589802599 0
0.9369013769721397 0.4896907610134383 0
0.4164114368070844 0.2464843004581591 0
0.4670649306395554 0.268636302581034 0
0.4749835740411067 0.2600349099735622 0
0.1910569082154787 0.4200313172022486 0
0.1813294310964669 0.4325243936587809 0
0.187238668944602 0.4471250495466593 0
0.6474208209620698 0.2321593210412634 0
0.8101709325244114 0.522689770400836 0
0.06064367209771965 0.545426902137911 0
0.4787120551032831 0.5358755241887186 0
0.4573717027620747 0.5647457590060535 0
0.4452745057080895 0.5634895387867546 0
0.6821475466039187 0.06344540487972447 0
0.6995892093223828 0.0637100495564243 0
0.7984443560782175 0.5390387504881199 0
0.191046334719401 0.3097735703483334 0
0.1853105213966033 0.2942849683176081 0
0.1959006503460823 0.2818534614549299 0
0.1798991997078613 0.2784451357770549 0
0.1272333013101039 0.1668733536723733 0
0.8559273212276191 0.6846301655439464 0
0.1903566301245176 0.2662109239798756 0
0.899436909884257 0.5963850306359524 0
0.1431528772547205 0.7479520670390305 0
0.4645782804452795 0.6682815276126646 0
0.5796482806695977 0.5652996218537998 0
0.5178912783678922 0.1336390210367267 0
0.5223972491955099 0.1485819522719212 0
0.5118384421545272 0.1597947739925161 0
0.5268247976056152 0.1631678578682625 0
0.2629737639986112 0.6969065900316007 0
0.9173776887847739 0.0650605945876627 0
0.4657584969827524 0.1500629135314248 0
0.2542261311017086 0.6789585521077398 0
0.4812342990446408 0.5659791445189387 0
0.9421102087097797 0.2552215542606932 0
0.9355298725134643 0.2367352944029052 0
0.9369752176102768 0.5990639271891391 0
0.3785752846353952 0.2381445097605763 0
0.633652006912365 0.5620533992454347 0
0.641894194429379 0.5503477064826505 0
0.6560779121758742 0.5514598362713086 0
0.9263192982109448 0.5046020160207967 0
0.08620132065773162 0.06038598845079472 0
0.2937819391980939 0.3147162873329367 0
0.3014945605652525 0.3010015975937232 0
0.2469292281191962 0.6308921885068248 0
0.6287406881252782 0.09364331688700714 0
0.2277525414330179 0.7394957564799409 0
0.9362725086772723 0.0660575616472413 0
0.06032016733851336 0.2992118994934149 0
0.06639482697727753 0.3169468594539913 0
0.9359942746242519 0.6590078990817905 0
0.06667864663823983 0.05649442395486554 0
0.5653935028172876 0.5488942127016971 0
0.4783790418885491 0.270945127358896 0
0.4853966327210866 0.2610281235910428 0
0.6062199796348647 0.3246349994174429 0
0.6036562824837045 0.3129265772317869 0
0.8218210025076671 0.0629386684246392 0
0.80279916695016 0.06256349280065471 0
0.07898168272237618 0.1732991574323705 0
0.05997920524075516 0.1706362764305474 0
0.06198215404795444 0.6374436820438081 0
0.05517794612072559 0.1235710461159931 0
0.5916898002163751 0.5688423806788304 0
0.5370623186125468 0.1521029008913254 0
0.5408405803542365 0.1669326790387997 0
0.06155942168990225 0.2203827087959919 0
0.06833657804697871 0.237848593687093 0
0.5138388252786964 0.67544667084945 0
0.5664594481313651 0.05060237546102243 0
0.1238127231798999 0.7457078363454285 0
0.5164580282636101 0.1740027301459931 0
0.5410351589457629 0.2522724796506741 0
0.5442642813767339 0.2636265564331672 0
0.5330662500180248 0.2608683335145294 0
0.5366893354931006 0.2717423922846099 0
0.5472822089461649 0.2746339879905054 0
0.5259895961976143 0.268884067622043 0
0.7078531653948994 0.6218225002001417 0
0.2977501335499322 0.2881803527274784 0
0.3111584850576864 0.2901236854312609 0
0.51343535931815 0.1185168291062022 0
0.9071011260176963 0.6134359004551672 0
0.8227140132326984 0.3580174106702512 0
0.8300873221814775 0.3727952426191451 0
0.521866026470425 0.5297064829595707 0
0.6166582483299246 0.5851170853340681 0
0.7694198767748888 0.6145921769059363 0
0.7624046105571709 0.5989020733600252 0
0.6499615400345228 0.5387286446606443 0
0.6647639262487597 0.5393489409841569 0
0.07883003843117814 0.5904652758633606 0
0.06095253568299083 0.5884399479888915 0
0.2534205671652698 0.6466235229110598 0
0.269379674032659 0.3223855457341337 0
0.4515918880724191 0.577571859122199 0
0.8858610740788292 0.1479384155485216 0
0.8106656317454798 0.4941312312819618 0
0.8986573198635133 0.7396926370079783 0
0.9181035469574221 0.7423030899595626 0
0.596694936806304 0.191858518759449 0
0.5823647561034979 0.1914148581429825 0
0.637215009235231 0.1087020116372542 0
0.6398426589606037 0.3353672422753534 0
0.2822546462100505 0.1761964183065136 0
0.2657834341825904 0.1730729911892159 0
0.8095444720672071 0.2373785098007365 0
0.7929239191956143 0.2373533659085804 0
0.7842872939312717 0.2514488065333392 0
0.7763944855051712 0.2369737065632771 0
0.7849440551610597 0.2228551956588257 0
0.7684047497086396 0.2225139861679629 0
0.776940816090916 0.2083855873296453 0
0.760277523752901 0.2079946727597048 0
0.7688570789972624 0.1938136590589833 0
0.7521469575722453 0.1934209809773255 0
0.941030692043508 0.1836964034955505 0
0.6527469119721752 0.4403341946017571 0
0.6500620751057383 0.4285633773443941 0
0.6413280025818291 0.4365430938179691 0
0.6386758600258486 0.4252406354244097 0
0.6304655775148353 0.4332950240269391 0
0.6327583311156142 0.4442455300074469 0
0.6221992926447176 0.4410455983837853 0
0.624328375527139 0.4517580949194577 0
0.5757458133066262 0.1783028181155465 0
0.8231045999046135 0.4543045468359631 0
0.8319635053035299 0.4412144544560942 0
0.8249032607401203 0.4262338155448978 0
0.0524988675535028 0.2821103163515818 0
0.6113237609159005 0.6729056273003778 0
0.3802705629673573 0.1338998489676821 0
0.8169645451871625 0.538364091679808 0
0.3173414198510575 0.1367952647690934 0
0.3345274180881539 0.1401029086481678 0
0.3226868991591054 0.1531503403488806 0
0.6258550632094486 0.2177626447631206 0
0.6114670644201766 0.2173507108675257 0
0.5396448889394272 0.5205445126247982 0
0.5510759659524272 0.5214520379964033 0
0.272060408122108 0.6813305599052732 0
0.4486798345346769 0.6660215717680791 0
0.84082711895113 0.3298390761812199 0
0.8241401669941308 0.3291965407350475 0
0.3584647514788859 0.5556998057931302 0
0.2159106751587875 0.1832958268025772 0
0.7314008064036944 0.6400044697311893 0
0.7800372951683954 0.6003210052360436 0
0.7730068823309689 0.5847646324567166 0
0.7355358558231747 0.6106612892949496 0
0.4435749262943495 0.131588630425918 0
0.658045899013462 0.5270923511840917 0
0.672799756920624 0.5272886678413712 0
0.2402692966086292 0.05804046582587522 0
0.2584694019435888 0.06232095800225923 0
0.5221217364742957 0.2582619430046935 0
0.51466436437024 0.2663711530611843 0
0.5109910399411726 0.2557133441821078 0
0.1111910594348037 0.6275788276158758 0
0.4343708731731598 0.2284735241863108 0
0.3071447538906804 0.2773356499400083 0
0.3211616477525139 0.2798636734335106 0
0.3165463990778848 0.2666244531309348 0
0.3304910505440363 0.2692699869748288 0
0.3258905533284277 0.2559165839735364 0
0.3392674282179911 0.2582275106940159 0
0.7554157935743103 0.5833698456911527 0
0.7653762676672 0.5697131928333377 0
0.7820142865744111 0.5712669253388625 0
0.7749433515257872 0.5569300101927188 0
0.70451895771941 0.1675875469570528 0
0.9440346650602454 0.1507392458544346 0
0.626187544499138 0.4218450872981118 0
0.635656294330938 0.4142715919368359 0
0.6251229088772394 0.4111511182808193 0
0.6330764513277762 0.4036171784029763 0
0.6226225866126047 0.4004361841251898 0
0.6308895791507947 0.3928260685012182 0
0.2217965423581602 0.05381585961846187 0
0.2096987757017425 0.06806177060464907 0
0.2032812698152835 0.05036970027072619 0
0.6632676389744838 0.1522313890900746 0
0.9448117057380092 0.5065507171477927 0
0.9459210936516269 0.3648957782297573 0
0.9374660040505128 0.3484433700641436 0
0.7929976988485878 0.0786400145645436 0
0.7838126713134662 0.06223936164190184 0
0.7740530617232164 0.07820652938008461 0
0.7650148408793191 0.06192931989974949 0
0.7553002324301411 0.07788587900791163 0
0.7463394536750176 0.06164004218700987 0
0.7376073531621756 0.07707670834412697 0
0.6217375791411632 0.6594921089662988 0
0.6369920325832583 0.659445276980706 0
0.6052662701837059 0.6572889052960594 0
0.4707485422638861 0.1642217310347429 0
0.8676148169861052 0.1136474412874658 0
0.9296101249450679 0.7259406850314872 0
0.9377009899778992 0.7444271395980705 0
0.3350858434674505 0.2450500248527896 0
0.05418384699398904 0.07193776140891711 0
0.3689978342789573 0.1464723290731076 0
0.9313702674220444 0.1994970416486843 0
0.1716717743076574 0.4453997038265728 0
0.1774933974415693 0.4600844528215732 0
0.1251700123190173 0.1182995831925697 0
0.07383630858443609 0.4553050773762186 0
0.05546873496078106 0.4528213106258619 0
0.06250671745962601 0.4700483291107001 0
0.1740995835924086 0.262548377466837 0
0.5408202842895508 0.2822997434269625 0
0.925531412434495 0.3955472890915798 0
0.9439869578491671 0.3970084339944043 0
0.9335632524452089 0.4118669042375176 0
0.3652908231066785 0.2354516122937686 0
0.9210113782302278 0.4566411958113955 0
0.9394042849605453 0.4577693896019709 0
0.1892805809078084 0.6874156717523628 0
0.2368187692571408 0.6769558855325252 0
0.2331304191606846 0.1861448407325033 0
0.239022542502673 0.2023539157194037 0
0.3399583055938289 0.1562360364284764 0
0.7059405481891797 0.4598615843362575 0
0.8886287804701315 0.6115277588559799 0
0.07154756829282703 0.4067661279803553 0
0.05317666056947502 0.4039351906663627 0
0.06476642776795298 0.3898889886809679 0
0.6091732233787748 0.3352630832575647 0
0.6194440382567576 0.3384392681211419 0
0.6652827400873719 0.6321900867092517 0
0.7086746031878268 0.3857053390955101 0
0.7183074352694436 0.3760676986012292 0
0.7313793990956875 0.3799673707294599 0
0.7276284928053133 0.3665638651890097 0
0.7146647859543793 0.3626706595915486 0
0.7246477322410406 0.3529784714130833 0
0.7112752165136125 0.3493722486555187 0
0.7015337616088472 0.3589492782123143 0
0.7400421305819102 0.3577951867543265 0
0.1164450339856209 0.727869885776192 0
0.1044564772462523 0.7432055740194096 0
0.097099579834402 0.7252948627033657 0
0.08505047502800153 0.7406690327254035 0
0.07755121852289046 0.7225991854073316 0
0.06555697780515639 0.7381462383485831 0
0.05803784031667118 0.7199649728417434 0
0.2939525275062199 0.7158111388768935 0
0.3003655189612041 0.7326951349339066 0
0.3184052378585781 0.7354867305192516 0
0.3292728841477346 0.07642236742011334 0
0.3411372391176364 0.06335183957845235 0
0.3231957080744722 0.059116774569957 0
0.5634550675185123 0.2128796763248265 0
0.3589466166357951 0.0668047907435448 0
0.6663575419572126 0.7263286417190236 0
0.655735975922457 0.7401010032395995 0
0.6739632160721898 0.7434385091903286 0
0.6376726788918398 0.7383735876274532 0
0.7934998118023815 0.2082430346723193 0
0.08253435236221307 0.2711914006292698 0
0.3491503605638267 0.5313801503664137 0
0.3408852598960517 0.5417494510890355 0
0.3356754260075011 0.5292246954291819 0
0.3273259787801139 0.5395869365320216 0
0.3221108531016778 0.5270536645563583 0
0.313514777637009 0.537640828852073 0
0.3082960258249522 0.5249522967845761 0
0.316875986820762 0.5141352257974889 0
0.3031945107745742 0.5119535478905598 0
0.3117278333713964 0.5011578370586112 0
0.2988580946200979 0.4987395139698177 0
0.2909978869444355 0.507349654492756 0
0.3068017819180199 0.4881943570020261 0
0.2935670059807376 0.4859589985276042 0
0.3017049637055376 0.4753925794031709 0
0.2888874598809645 0.4730279976137666 0
0.2967630372234585 0.4624774319982666 0
0.2839032065294175 0.460221653193984 0
0.2917874159023547 0.449667387814115 0
0.2789391953879641 0.447241195854187 0
0.2749632607889443 0.4707870438572562 0
0.286879578834374 0.4369336071607669 0
0.2732755203145154 0.4346471220660694 0
0.2817808020986708 0.4241148464489952 0
0.2683677262261104 0.4222078640947575 0
0.58227477758362 0.5782767392611672 0
0.3071849743182017 0.7497094511671545 0
0.2894433763518902 0.7477263620438849 0
0.1786090563070754 0.3918970127486879 0
0.7209612279518548 0.3396093321274385 0
0.70772855971941 0.3359959601252627 0
0.5894467715915833 0.2040653070962036 0
0.926913296261632 0.643241058271883 0
0.6717275939343041 0.6470648770506111 0
0.8100276276872254 0.5859915943783442 0
0.7925586372626677 0.7450319689686721 0
0.7735808063470522 0.7413613183060398 0
0.811917551488731 0.74681761814348 0
0.7657844142146013 0.7249327050772117 0
0.7547075363799949 0.7389391617163494 0
0.6914764492898128 0.04776462414492642 0
0.403858769660395 0.2437968230140233 0
0.412367139455211 0.2340180621532697 0
0.186516981901621 0.09624881582842248 0
0.951365776109849 0.2040565184362954 0
0.4562031442320367 0.7253039410206094 0
0.4455952025213331 0.7393038997915653 0
0.428426295661051 0.7369988966093597 0
0.4629199819658039 0.7421916392993763 0
0.4345294798390654 0.7535160499838575 0
0.4159655291226757 0.7513220066526799 0
0.1970224245098377 0.3247348813049323 0
0.708367994603191 0.04814033153205003 0
0.9469616679244842 0.6433217669374343 0
0.1912526700432587 0.06465340028853324 0
0.9207476107014945 0.3177345008457383 0
0.5018112120760463 0.1707379580232942 0
0.6028730852941228 0.5608863593593452 0
0.4043949121624248 0.5485960563660518 0
0.4088705647472028 0.5600432258243959 0
0.8330262181255952 0.3151741026751752 0
0.8165115516930979 0.3144688092856089 0
0.9052158415118465 0.5329806969497654 0
0.317911835581188 0.3282489798194775 0
0.9480966442289309 0.5844309545991464 0
0.4818482844112724 0.2497438767277386 0
0.6366379696535314 0.5381790953138956 0
0.4211949853792702 0.5629526404960612 0
0.9508289370164335 0.271771136644334 0
0.9452090233127999 0.08232418351058189 0
0.3516728669255225 0.04998946704861685 0
0.3728419157595576 0.05297012468494534 0
0.7184182453047037 0.4861820967510619 0
0.7048465042764883 0.48334759407485 0
0.5511887310515104 0.2854056946234402 0
0.5580455883478721 0.2775116621123535 0
0.5610183566487865 0.2883549217156829 0
0.9492841975634678 0.7278602561574616 0
0.6722049169965194 0.5517596076980588 0
0.2276586894356434 0.1695041937735871 0
0.2633952613845136 0.6331665863204887 0
0.2702545659965666 0.6486930943750336 0
0.2801069001154778 0.63541491470263 0
0.2869517730189185 0.6509161151015896 0
0.2970339074017473 0.6378345103468347 0
0.1809067180089229 0.3221436603050001 0
0.912697498697802 0.1984985096818655 0
0.7159031346002444 0.3258690674761633 0
0.7038441873009491 0.3226229853540624 0
0.2592761075086045 0.4329384320267572 0
0.2769658702674132 0.4120915208158455 0
0.5924938066057701 0.231307095714298 0
0.5979502533127192 0.3326695300041146 0
0.8134316101284293 0.3718949388450923 0
0.8206314755004089 0.3866366021156527 0
0.8374096302951506 0.3875960063168243 0
0.6933785423099073 0.6657436550506564 0
0.3992933628391075 0.2313733498019346 0
0.4081345987983919 0.2213581069245321 0
0.4882216640729465 0.2715297347697603 0
0.2407456345474657 0.399735599777104 0
0.9392192203294517 0.3186598292174714 0
0.949400262250912 0.3035397044040318 0
0.560517334662147 0.1999853703765581 0
0.5473120603995718 0.1962606662698146 0
0.0765794237617259 0.5001780659457636 0
0.6947727964281203 0.332356470796961 0
0.6912356533660049 0.3190750255740626 0
0.7004754338439665 0.3094613812746614 0
0.6876207623629847 0.3059029664923973 0
0.6970923640988562 0.2963659676207318 0
0.6836742419146216 0.2927816321301327 0
0.6931325448366472 0.2830246704855327 0
0.5327578066370002 0.6544303954704769 0
0.7289274787579469 0.4490342140039331 0
0.1657473616290687 0.4319975182506791 0
0.5277664609143808 0.1224642183536116 0
0.672665193817967 0.04841937034509049 0
0.5695214151466447 0.5739995256390376 0
0.9545264187968439 0.4916478305270926 0
0.1642404813042031 0.7518911272843251 0
0.3316603424645094 0.5513362339072574 0
0.9606965108145218 0.2560473790995054 0
0.8126881660589382 0.04654407102406101 0
0.8318293782407211 0.04794690480603572 0
0.04710527455866306 0.312310362624209 0
0.05460478674790188 0.3314118346102167 0
0.07311527586002688 0.3343954374145872 0
0.06170554605153206 0.3491715216380035 0
0.08001367720677111 0.3518091497094583 0
0.04409710419087332 0.3460643248462679 0
0.7074993113347957 0.2864540288499888 0
0.3965316939069987 0.5587482539480995 0
0.4015893738959024 0.5707719834862294 0
0.049082660566052 0.1051928265608714 0
0.0348934668920854 0.1212332846597247 0
0.3000919139413444 0.4385350308082708 0
0.6714631244941589 0.2207213329296591 0
0.1698822343027533 0.2901247263850782 0
0.09685238405938781 0.5924493284766563 0
0.05003747201882085 0.2348875167845566 0
0.3945150287726549 0.2191219325799791 0
0.04380111352229728 0.217835568325476 0
0.3253048376467054 0.7520609749246058 0
0.3364035126669759 0.7381360621832196 0
0.3435756546677374 0.7546994056703786 0
0.3547084809054178 0.7407233244897752 0
0.120515488618417 0.1494498980176082 0
0.7730154680116189 0.04602877662331254 0
0.8813337861818475 0.5940955826285226 0
0.9530517569783994 0.3507588447070353 0
0.9517564650206529 0.4130660548088605 0
0.2822533818038517 0.08253660210406039 0
0.2941567283018668 0.06878202830801439 0
0.1848460450540979 0.04719794629712219 0
0.8383499263387433 0.4548476804167811 0
0.9542007704152338 0.6601145609035544 0
0.7456817521775689 0.09374700151081891 0
0.3117811920579314 0.2531981121362181 0
0.8419101839328342 0.4294863802599048 0
0.05816924910544678 0.4977074995922048 0
0.385034504272614 0.1501028908117107 0
0.2223667634654124 0.2730012605322797 0
0.216634903468738 0.2578660303185329 0
0.2272403430853736 0.2453556573994007 0
0.2106326885562167 0.2424213186860404 0
0.7473039488630119 0.722487251014194 0
0.7358212418079264 0.7377937719833986 0
0.5544400695821897 0.530798053422274 0
0.562752252626043 0.5226141290360872 0
0.5574700022515001 0.5120020742150981 0
0.07033286048302105 0.7046020618161118 0
0.05158931969921075 0.7026037560388478 0
0.0471415644552496 0.3862824727719991 0
0.6191048689768051 0.2295468418855301 0
0.6358306659218436 0.04776714901079285 0
0.6188205436919199 0.04728283688111947 0
0.6100937158209696 0.06304532087089441 0
0.6013249236919593 0.04795516352951671 0
0.6664820471691953 0.5157510935844843 0
0.6800262580416727 0.5161288702940123 0
0.6741608313055484 0.5043251544954881 0
0.6875578273795401 0.5051052322916816 0
0.09764687147149843 0.1769863464573015 0
0.5173240920775493 0.6507437154338029 0
0.9052424167629828 0.2545613733854771 0
0.6464104976970897 0.7551756018153034 0
0.6266492820689403 0.7521470643761776 0
0.680262874325303 0.2799009707532955 0
0.6715311366184894 0.2897153551434965 0
0.2565632933960911 0.4184588937776601 0
0.7884723724957219 0.4791302878297719 0
0.09009039577958074 0.5754321408211276 0
0.04671302345220892 0.7382241840726915 0
0.05390729058971117 0.7545145010561585 0
0.048065513911274 0.6029627033888065 0
0.299697761348046 0.1792121998793874 0
0.6939423323607699 0.516758541989335 0
0.3283978592908841 0.1687774384502897 0
0.1625114295198195 0.4577365014145739 0
0.7097604175032978 0.08093492668790384 0
0.09242802698395387 0.7572470539162344 0
0.1931468084490677 0.4621523534406876 0
0.1837903076135371 0.4750100196675341 0
0.04800474613630953 0.1848507108812206 0
0.5480326961271479 0.6565515017775663 0
0.04740947006305478 0.05351803808505484 0
0.4109544305025367 0.7344383181196287 0
0.3989398452527825 0.7481809354865343 0
0.5075894392591114 0.1847959252161392 0
0.360963382270704 0.2572006273558847 0
0.6117255919603164 0.345908498568554 0
0.6219371992051386 0.3490530536405276 0
0.6145355791340901 0.3563977721161042 0
0.6245588776399625 0.3596063817225675 0
0.6161778904777873 0.3669843616589072 0
0.6272061041941827 0.3703926414210379 0
0.04397681837262098 0.1393301558704289 0
0.9268790155736238 0.04918029996596315 0
0.9077426732365943 0.0491931141475852 0
0.9469792064509532 0.04957231812597838 0
0.6891592893253033 0.2697408960827974 0
0.8131618763352015 0.4670722731139469 0
0.04743473120477685 0.5112615095873598 0
0.03947133236384282 0.4940203061597231 0
0.9066184307438266 0.7576699698983429 0
0.8871261312850725 0.7550517071717137 0
0.2562279457038881 0.6178833030454105 0
0.8375991676352341 0.4962129249515669 0
0.0566614164696792 0.2522356679674944 0
0.03876594377833695 0.2495791845038585 0
0.4645947048554655 0.5757152643615669 0
0.5570844814248386 0.6441368518054597 0
0.5647173459367351 0.6584350825290314 0
0.1733818096390148 0.06207637590892332 0
0.8254606086425478 0.5235824583618436 0
0.9312710816828036 0.4415705778792554 0
0.9500059626707682 0.4425849708196132 0
0.4584872559653087 0.6541229860559438 0
0.4428773098473689 0.6519277576182831 0
0.474129837464518 0.655827730779375 0
0.6143306489983866 0.4482967310102481 0
0.6161152946345044 0.4591334419963456 0
0.6128377016991735 0.4385167659457989 0
0.5566622790537336 0.1863239460940687 0
0.9340442297537863 0.5213405343812717 0
0.9528454931183636 0.5225539771724864 0
0.1319066666792912 0.7643936270056015 0
0.7594326479388762 0.5552399884568305 0
0.6793641281768763 0.23316250223416 0
0.4381595077837581 0.5732536967456936 0
0.8276656383636892 0.4008966941510959 0
0.8109066332278976 0.4001621100966813 0
0.8448548191364001 0.4024460847041414 0
0.6155786876734395 0.6458850161628383 0
0.1846222009209414 0.2504626385294784 0
0.1686289114931597 0.2479672725708369 0
0.4707452614367432 0.2787366107872089 0
0.4551248764594645 0.1594821057520726 0
0.0911218279477162 0.159300019477136 0
0.5519132658528567 0.1576357538692736 0
0.1664621292622562 0.04745434322655227 0
0.5031420127451973 0.2641312230651556 0
0.507611006800588 0.2742991898056024 0
0.4997675719320586 0.2531599499242301 0
0.507314764257909 0.2446659130893303 0
0.7449219223734849 0.7551233145773 0
0.7252411096870972 0.7529533507912571 0
0.7175000687133304 0.7354176231180913 0
0.7076515609554856 0.7514243768887542 0
0.04061170239778363 0.1681471129327382 0
0.6266756292489606 0.4626326212276443 0
0.2736841480666487 0.1887003716521838 0
0.4486882267440538 0.2436770431956246 0
0.4565585419353584 0.2361922876678595 0
0.4686655724029254 0.2368514906978418 0
0.7831592199214911 0.5327286524802842 0
0.7917017958846448 0.5575670670922748 0
0.9562347167254003 0.5997215076138827 0
0.689213430480253 0.4516436970013715 0
0.9195535342055928 0.2141438947351504 0
0.3728010100868963 0.2227224288849442 0
0.234125448205486 0.04057837470669715 0
0.03447125872769038 0.06816641207091069 0
0.3619906203698536 0.7568372269722081 0
0.371776930028099 0.742300242754505 0
0.6208626337562341 0.1080605976502797 0
0.629357526897385 0.1226599711241431 0
0.6115383744400842 0.09378576506758624 0
0.04204776270278854 0.5841457550464514 0
0.6560635727893733 0.6453625702465409 0
0.04396540984421065 0.4675276515761609 0
0.03685694355173799 0.4500432120751863 0
0.4416189684629966 0.5852130107239337 0
0.8968375786201267 0.6276360408607959 0
0.8779518094265892 0.624755488832796 0
0.9572087772921073 0.4591344029185263 0
0.9686580478834272 0.4441974060311239 0
0.04279095307960441 0.4194084213293171 0
0.6323665235418993 0.352168319592731 0
0.9580462351152674 0.3202033111572057 0
0.5686132840682291 0.5119833216648735 0
0.5646064267887549 0.5033268657112566 0
0.5748766866054767 0.5031804850012476 0
0.4971822384798179 0.2418587676767321 0
0.6100069722348235 0.03027646502494363 0
0.6199899020829285 0.3899206761965918 0
0.06785326552366064 0.5615750791190972 0
0.04744450708429726 0.5630309323680821 0
0.04288663269568758 0.5438799315418075 0
0.5953022044253766 0.5836136003133137 0
0.7608563114742427 0.1791683473398734 0
0.7777055381831683 0.1794379891865275 0
0.744096208529374 0.1791852618919987 0
0.7355167849327302 0.1931268660780901 0
0.7273725547262055 0.1797825406393725 0
0.3348482286301875 0.2823013599356019 0
0.07953142398024295 0.04189349924826286 0
0.09849799518385502 0.04552811500049844 0
0.6438355375486499 0.4064837955556982 0
0.3826526390402284 0.7584876645609246 0
0.8342252274897667 0.5393209457191807 0
0.5704448049090746 0.4933828620486017 0
0.5807150119338788 0.4945578202354995 0
0.5859612087545393 0.5039570750570587 0
0.5917404012448606 0.495076684918643 0
0.5869028240836831 0.4851421860759473 0
0.5972530873950102 0.485546730726641 0
0.7673491740760265 0.2506319891498301 0
0.9361722955337348 0.628445057647761 0
0.9578787546949956 0.6284851561391206 0
0.3207543571293191 0.4899903070226682 0
0.9583458178241853 0.745824734360534 0
0.9455180351183453 0.7624738183954428 0
0.6767869317137295 0.2667762446371635 0
0.685872124383072 0.2560265154119739 0
0.6405682533627071 0.2186756535866407 0
0.2472211738749928 0.4288611287236819 0
0.2501569506072089 0.1919205450901431 0
0.3102043906871185 0.4646677270629973 0
0.9647670251657604 0.3980777262257327 0
0.3034722430086644 0.6534069267903442 0
0.3142096838514867 0.6399226097357259 0
0.6519836788902542 0.5142249618694936 0
0.7795120346208173 0.7611570200933625 0
0.6063001626731322 0.3639528937692411 0
0.3142671083104375 0.3153253504088227 0
0.3050972931347579 0.3257551081194195 0
0.3219904082842441 0.3066598241889908 0
0.7726545811883261 0.2643950612686654 0
0.6118527070199826 0.3991674734367524 0
0.06871747193557813 0.3664107986563728 0
0.08709544519002443 0.3686309148803952 0
0.3507459704292775 0.7719764678777732 0
0.3161135633786257 0.766783895950461 0
0.3493103169062788 0.2472169226200775 0
0.3434180677136871 0.2334294611280434 0
0.5923297847258104 0.4753837775439643 0
0.6033510086714664 0.4760801002524647 0
0.5918431205867578 0.06429501798617064 0
0.5999514513661915 0.6422958754734274 0
0.5903280869271856 0.6562937397374722 0
0.2889746215415234 0.6979122180997411 0
0.2740938467217002 0.7108328423410636 0
0.8336985925404481 0.4814590782657254 0
0.604977466533605 0.4556647465074294 0
0.2564623354683654 0.2087306687085955 0
0.2455898401954948 0.219188308852736 0
0.293264149886564 0.274759285767711 0
0.9690396655093982 0.7295986343580758 0
0.2192644132954336 0.229240507838888 0
0.5440616808082879 0.1814553864698301 0
0.5550126610050643 0.1712429802420802 0
0.5497355610390021 0.141364017169199 0
0.5983157418956547 0.4661355846973979 0
0.1087405363390754 0.5793481384640872 0
0.1027534581142586 0.5627430416698612 0
0.8063573467752175 0.3572853757800171 0
0.8252974770961879 0.3000651052281233 0
0.808842172350505 0.2997751717988596 0
0.8418993670651568 0.3003246353481257 0
0.7996390274132275 0.3150465487859404 0
0.7900884405180989 0.3002870480910096 0
0.8012187208534612 0.2854790532935436 0
0.7865820842213523 0.2848090281208768 0
0.9605829906087352 0.7109180388032665 0
0.9709229925048419 0.6921855883468592 0
0.5849523823164151 0.5918096320013323 0
0.7302835733213598 0.06180872259819126 0
0.7373160917100133 0.04533376695560266 0
0.5210280901342039 0.1881838153222113 0
0.3918185988859699 0.4055224652434957 0
0.3834925146273432 0.4116942656143335 0
0.382316281536166 0.401280884279097 0
0.3738902729606571 0.4075184865381662 0
0.372665172018596 0.3969977106579967 0
0.3751737512369478 0.4180733901103853 0
0.3652796160794656 0.4138778218022808 0
0.366654098683771 0.4246365196133189 0
0.3768148133549136 0.4289646223211777 0
0.3681605194299856 0.4354393901658059 0
0.3784434529932978 0.4396563362851822 0
0.3700107294025048 0.4463159684579932 0
0.3802933318175386 0.4505693441835031 0
0.3595470293460856 0.443577494965438 0
0.356631702155452 0.4193391318737532 0
0.3552124495741821 0.4088692828099725 0
0.3713283947231072 0.4573888126496937 0
0.3814823579135656 0.4614581325761025 0
0.389881185211687 0.455372675912622 0
0.3913787932894879 0.4657358433522132 0
0.3829102403160723 0.4724086276428581 0
0.3933276013338792 0.4765267532090059 0
0.3849383582131695 0.4833732115165913 0
0.3750110748338398 0.4803591274930404 0
0.3952250078091306 0.4870708080819789 0
0.4037425637443681 0.4804799959795907 0
0.4052806049101766 0.4905354641472198 0
0.4156550278376734 0.4835074840328373 0
0.4151567601474615 0.4971379494919224 0
0.4109676980062611 0.474355592415551 0
0.3820296706321844 0.3903645598014938 0
0.3720002845230195 0.3861718613948784 0
0.362996200763358 0.3926684241117724 0
0.3609647821376671 0.3817266075096115 0
0.3708142422183119 0.3752733994430261 0
0.3520649630108199 0.3891425104418049 0
0.3603799709633169 0.3708003852988872 0
0.369697124531248 0.3643316975220204 0
0.379457116654194 0.3688309960499958 0
0.3785342787543846 0.3579727206029254 0
0.3687810726044028 0.3532789691532157 0
0.3777014138578868 0.3469319600970476 0
0.3675988641781021 0.342141920448938 0
0.3767913360226315 0.3358886317303885 0
0.3869256769575323 0.3405038807363239 0
0.3856867830056299 0.3294708711073869 0
0.3960109386295518 0.3341850036572664 0
0.3947870517441628 0.3231989301307534 0
0.3885080061838907 0.3635107808976569 0
0.3675521273613431 0.3327544106369735 0
0.4048468188803328 0.3281549230307186 0
0.4040587215925387 0.3170307415268749 0
0.394477648955342 0.3125098116841877 0
0.40377713284832 0.3065344483975026 0
0.4133568255668013 0.3110470084871708 0
0.4129237022169349 0.3002959213917988 0
0.4210805072602724 0.30481657253539 0
0.4014779586324375 0.2954226939667251 0
0.4124982692792571 0.2889317891161743 0
0.3862265332661401 0.4945671253746611 0
0.4058616759491241 0.3387611701535155 0
0.3946962588257647 0.4260043911309417 0
0.593055494305422 0.3438040262001257 0
0.4018228883589745 0.4454214577348511 0
0.3949427226401998 0.373332429721759 0
0.3201532550205867 0.6557319555498418 0
0.3314867561060773 0.6432796622096653 0
0.3471444212193558 0.6469877321728619 0
0.3435197509132798 0.6310025295670684 0
0.3262023213745342 0.6257917757296457 0
0.361401053501477 0.6334204570334423 0
0.3625607290158809 0.6505631575961357 0
0.373511372441815 0.6419406896080597 0
0.3796291523395791 0.6551269122313971 0
0.3875423973374146 0.6429806428385134 0
0.5369586120294665 0.2984904200629584 0
0.5266250407637171 0.2953181347154412 0
0.5234460075159253 0.2860696974513344 0
0.6050722276637994 0.4255029070105526 0
0.6149609395259515 0.4231230223519014 0
0.4345881957646015 0.4869886018340058 0
0.4433787148215608 0.4929177419206661 0
0.4333640889510432 0.4967718284321032 0
0.4414579442270741 0.5034181092665075 0
0.4513003997369366 0.5097165740459574 0
0.4323619727169957 0.5088796220256194 0
0.4619607531936327 0.5066242945888132 0
0.4593082127831716 0.515880634069893 0
0.4695090705581522 0.5133740371791242 0
0.4674949242744612 0.5225597640580792 0
0.4771839800013467 0.5194643349089817 0
0.5731448400790796 0.3198337130927117 0
0.5750404332783248 0.3095240669523629 0
0.58419836057298 0.3178934536771323 0
0.5851215933290254 0.3067666972694415 0
0.5777207051889383 0.2990255448650698 0
0.5882285612577581 0.2962983351936754 0
0.5800900310896067 0.2889591362385328 0
0.5658762149919313 0.3007428808989644 0
0.7514908973405923 0.2220582938671926 0
0.9624127497585059 0.1828563647596276 0
0.428803635273435 0.3189280450842185 0
0.5549638994455968 0.492401764964328 0
0.5365115549157385 0.5020429603602068 0
0.5455606863491245 0.5098743331739187 0
0.5712714218482321 0.2812485203849999 0
0.5673812718431281 0.2694297581491469 0
0.7338758763548084 0.7698499267051584 0
0.4363793917450849 0.3129000183162154 0
0.4356510065123798 0.3026415498688685 0
0.4449775237490702 0.2947593398521825 0
0.5258401918695317 0.5056287960329116 0
0.5223581962240772 0.5143958425467032 0
0.5118402430266497 0.5166865791293251 0
0.4940813317932585 0.5081318672712059 0
0.5564266516018503 0.3069340206746495 0
0.4636142535872545 0.2975987426079434 0
0.5806127950352666 0.4753868725658712 0
0.5932539806985221 0.4561966548488768 0
0.5056965183556716 0.2918157075222108 0
0.483750861093925 0.2915149708236799 0
0.6190157245568962 0.3775497739436784 0
0.300081952707993 0.534959183926869 0
0.3047970743270226 0.5495454148067204 0
0.9672020263814294 0.5860918065397664 0
0.9602599332496614 0.5684764974771184 0
0.9715764728930845 0.5514056613919416 0
0.7865363185413782 0.6162440694011933 0
0.3109143884897368 0.1661295040403913 0
0.7189970483087956 0.1940018144259428 0
0.6292435167223194 0.3818980536967618 0
0.6394131389432306 0.3859638428139993 0
0.6389466514058837 0.3747353193040454 0
0.7099583825060904 0.4978918941794523 0
0.4861705747555881 0.1673729554916221 0
0.4759363803941748 0.1790311354884549 0
0.5912715048618415 0.285834759942922 0
0.5996826227202625 0.2930809846800598 0
0.6095448189122807 0.2907059359521673 0
0.6070716013890594 0.3010206479272128 0
0.5870502798955481 0.3354391126428255 0
0.625104163946925 0.5738197358114068 0
0.6185731943194029 0.5593449066673035 0
0.361331362302016 0.2245262396361727 0
0.6041407724041447 0.2047427402409361 0
0.5960527231015899 0.2175059028376351 0
0.645652647844022 0.1233584704649902 0
0.6366643169667714 0.1375551146610523 0
0.6201247439102733 0.1368587241921002 0
0.6542191566593539 0.1378298301644333 0
0.6461422382502224 0.1517754373221418 0
0.09838718592100523 0.3545061339067849 0
0.1051775474469845 0.3701247389250284 0
0.4682881174739128 0.641165101090123 0
0.5144404780844237 0.5385211064727004 0
0.9698616982811787 0.2727047592934119 0
0.351783726414714 0.143292539955901 0
0.357307238994849 0.1589726979729201 0
0.614799013109017 0.4076245111842921 0
0.5243822628467104 0.1067135236431754 0
0.5085028929795689 0.1029642712146943 0
0.519983351210126 0.09172372482554095 0
0.5033907065922654 0.08694606342801738 0
0.6921540529747816 0.4645367483905358 0
0.7018967137091707 0.444719131444842 0
0.2933797635929208 0.6668802664550376 0
0.3896277653905954 0.5713631276662182 0
0.5092264209127453 0.5278646483518956 0
0.4986048687907408 0.5276783662094187 0
0.363919584851201 0.725766488067759 0
0.6061173608492975 0.1100219243293501 0
0.3913367087733819 0.3950867377937134 0
0.3804083658800592 0.3794101575884979 0
0.4907184514834145 0.5367034146812577 0
0.3973073004631672 0.1374047822142194 0
0.1574371684526138 0.2616506042114781 0
0.2105833564463601 0.1659789755164484 0
0.4401886379988 0.2833576938344404 0
0.4513475533455553 0.2856886970151056 0
0.4593458829375465 0.2768493343627328 0
0.6182533592461438 0.4867521996736074 0
0.6144654498493969 0.4762228408376069 0
0.7266792089501715 0.2078694799800666 0
0.40229713592592 0.4698172642107503 0
0.6623967621378183 0.6608100740420332 0
0.378521102820683 0.3057178598368302 0
0.3839668831872446 0.3169100369235416 0
0.4099215141671477 0.5072125582425677 0
0.9519083180446051 0.5511857560145383 0
0.658924551606126 0.4199784338181908 0
0.6561099175444236 0.4081609569846383 0
0.5374474592644285 0.2404119174151191 0
0.4820246863812528 0.5970179560160641 0
0.4907465412787939 0.5865053969983448 0
0.5046601483149903 0.588054358501378 0
0.4986985621893861 0.5775782592635635 0
0.4759702873153075 0.5844740166017077 0
0.3398329062164418 0.4214375562608879 0
0.6118069596271691 0.5717491000094636 0
0.5477471576534133 0.5927442557137435 0
0.5338501038977506 0.5908197716145436 0
0.5421983298538453 0.580616975028534 0
0.5251931488667136 0.6018923591399039 0
0.5194372700227771 0.5898269545907447 0
0.4862531923705244 0.6445928483896048 0
0.4911973516018687 0.65832770339241 0
0.6697530112800865 0.5777014578588988 0
0.4494462350866115 0.5212878234783802 0
0.425911827119097 0.5194504885925839 0
0.5304692882746176 0.6783869220301498 0
0.4322700912756865 0.6636482104086927 0
0.4269709704658192 0.649785048392413 0
0.4380196126011966 0.6377292462479455 0
0.4015744377864414 0.1533842124158973 0
0.6552832192444547 0.4526291454505157 0
0.6369203030260846 0.3233222989071911 0
0.6445311504314122 0.5270188080719431 0
0.5659268868053217 0.6817417737516971 0
0.6009199573484882 0.07865207913218382 0
0.3874882304766847 0.433394760550805 0
0.3501131676083515 0.3562842720053012 0
0.5108347342732 0.6002007490447478 0
0.6639161164000911 0.2070129892042422 0
0.655856230627192 0.2196856346064028 0
0.7142578113269582 0.6367292975088408 0
0.7040328385885248 0.6516550157610425 0
0.6368344807264159 0.4686202959995489 0
0.6285996788236543 0.5486797847589462 0
0.6239583005246999 0.536018999810505 0
0.4265249493096592 0.128226626505663 0
0.433253305878234 0.142538185078097 0
0.4151102546982635 0.1426320763350747 0
0.5492269621097765 0.01747773534292222 0
0.5691450061678329 0.01777911511016558 0
0.5791976502219567 0.03432346090459278 0
0.4496797985729128 0.1455717186702425 0
0.5003189206403285 0.03395847283323265 0
0.481153816706164 0.03431223459649521 0
0.4908741647850695 0.05039053385545015 0
0.4722370080310405 0.05079866023617539 0
0.481094114115944 0.06613605664388014 0
0.463294808020832 0.06594888846013584 0
0.4538256099927491 0.05111850878462932 0
0.4437951363563463 0.06841647639932139 0
0.437520590174626 0.05352574392928383 0
0.5011788146296797 0.06857323645039494 0
0.4706725496617049 0.01736218150581213 0
0.4045357831543577 0.6733447234091414 0
0.3991679485574965 0.6562827558476722 0
0.4040130852428355 0.6421780398578593 0
0.4166435941662169 0.6612748752871928 0
0.6547294062565194 0.1088245460171811 0
0.4966230818262152 0.1563662172489213 0
0.6984107770802398 0.3456407597593024 0
0.688582421638038 0.3554593367156422 0
0.6924892807432317 0.3699148943204005 0
0.5578337173698825 0.5810151890720637 0
0.5497333163674658 0.5699579448584331 0
0.7368187570618412 0.3163357348764274 0
0.6005357125107587 0.686500798912972 0
0.8510587254798142 0.2850725691189956 0
0.706040554403666 0.5269267719759677 0
0.3353888994415822 0.3752196443590995 0
0.3492773442733614 0.3763007798303013 0
0.3404869848287409 0.3865305502150164 0
0.3455127584220237 0.4001346598201836 0
0.3323687054938706 0.3971295257597682 0
0.8231848056491924 0.5517346259636452 0
0.5649566162980152 0.1392382690563131 0
0.5101059594242366 0.05030305785142784 0
0.4978582739833453 0.6727698308738006 0
0.2999235290284247 0.1334643088634916 0
0.5490892157110843 0.111543053219827 0
0.8768684099831948 0.1312026731605443 0
0.8665422909034168 0.1462409876110772 0
0.8752346983033172 0.1627135010240676 0
0.2494626215591465 0.3475870551846192 0
0.2593662970041407 0.3354876144868282 0
0.2833725547764026 0.3249821206607003 0
0.27414857331846 0.3371558976765197 0
0.287820914328321 0.3394260563709001 0
0.2938056045970128 0.3526769258196695 0
0.5953671994614318 0.3215712230495073 0
0.5742079357737176 0.2045120296834491 0
0.2796016814199425 0.3908391025394721 0
0.7679739004035397 0.5410380624938322 0
0.7702094199215896 0.5245073044018178 0
0.3534946584197898 0.4542160217821632 0
0.6114660136929921 0.1921458470152901 0
0.2952590374269484 0.4263755757785551 0
0.2356388264433646 0.3855770791640928 0
0.2765227811024866 0.5262175192458125 0
0.2699787030116054 0.5120254328781397 0
0.6511605201438702 0.3833125409023792 0
0.261104039268753 0.662775471933216 0
0.6881390729185266 0.5523930090076843 0
0.4812631172454039 0.2807785292946293 0
0.6996049805535152 0.2488524723995656 0
0.6937559516652947 0.2341359527669774 0
0.258621954697262 0.4838353783987235 0
0.2525013553150828 0.4697482344522466 0
0.2614553925380692 0.4586076794414052 0
0.2903154558976208 0.1915743659852342 0
0.5050227779181079 0.5100310119582927 0
0.6788602227228426 0.5652367031760528 0
0.1436021287232931 0.4643928400043848 0
0.4662974458196064 0.5332645405796131 0
0.344482672507924 0.2715721182324649 0
0.2395537638433185 0.6152033912201514 0
0.2329188595128432 0.5993580751462368 0
0.2165431881207765 0.5968839813060886 0
0.226493693465814 0.583757540878359 0
0.2101809481198322 0.5813993180972827 0
0.2201000810199342 0.5683150635980078 0
0.2038838045868277 0.5659803283304985 0
0.2138046061145503 0.5529404927489882 0
0.1976224885794182 0.5506370463502597 0
0.2075084311095903 0.5376466529297098 0
0.1913692925632254 0.5353549024325772 0
0.2012781601355616 0.5223757668240896 0
0.1851246516424691 0.5201072510554756 0
0.1950256377198886 0.5071415667938316 0
0.1788762481782797 0.5048776163521953 0
0.1750099065898488 0.5331500975462252 0
0.2177386663496301 0.5245050492984097 0
0.1874446176950744 0.5637168715241783 0
0.2305631001371664 0.5569031611366634 0
0.1992962633064889 0.5945392511614149 0
0.1890574460464665 0.491717482621122 0
0.1734908455506825 0.4896833628771234 0
0.2046149347169225 0.4926969960566959 0
0.2429916670192637 0.5872348973730314 0
0.1308484198545261 0.4320279856315337 0
0.1486645081448353 0.4350376257132323 0
0.1417771264286437 0.417403260678309 0
0.7103090202412234 0.6687945997884577 0
0.2894488706575732 0.5547094903129477 0
0.2947265059581928 0.570086254643443 0
0.4541049256794426 0.3017947299179338 0
0.7845386798480137 0.6463943963182776 0
0.7226595462190307 0.2885879400744042 0
0.7128205980364132 0.3014738575386211 0
0.4898653171339795 0.7828773476580624 0
0.4997105827471449 0.7660887031927671 0
0.5189930342037474 0.7659212168117575 0
0.5091032462991389 0.7496153024121801 0
0.5279063371245323 0.7499451622334723 0
0.4908705031131704 0.7501223591862243 0
0.4999477175515822 0.7332516360528419 0
0.5387824920528629 0.7660394231121685 0
0.5488108466884468 0.7514393765599587 0
0.4813225460505829 0.7337998904042075 0
0.5205220912545603 0.7348602867480578 0
0.2690070623669332 0.2820486079794407 0
0.430745241529899 0.01735522420224608 0
0.419933704984586 0.0336459719556868 0
0.4007090322660929 0.03418581962871145 0
0.4104756646600216 0.050629013864553 0
0.3905514768557438 0.01721149873049903 0
0.3816548182763255 0.03443312920857176 0
0.5698269120355428 0.7829130853933377 0
0.5796845044827936 0.7660325163526275 0
0.5991016521039078 0.7656408834988446 0
0.589692553292564 0.7492571771904768 0
0.5703220169499587 0.7495741488852316 0
0.6092405028578681 0.7826879067069672 0
0.1609911039239516 0.5434258748338774 0
0.1749887535883559 0.5759439936265829 0
0.7004741004561433 0.7327577250017168 0
0.387052765737659 0.780532544126488 0
0.8541682742310398 0.3884803158011651 0
0.8185733827902471 0.1898985039628171 0
0.8017206249189963 0.19072585377625 0
0.6821521965384476 0.3276366232399705 0
0.3018446317227166 0.341709651009356 0
0.1665829407841667 0.4741511639765075 0
0.6516156573724692 0.7831518180417678 0
0.3507668191737492 0.01711374434036346 0
0.341920276393408 0.03356647238988275 0
0.321577897128174 0.0372524278195464 0
0.3106411542340817 0.01780636257929465 0
0.3013486890059399 0.03460273063979855 0
0.2808161597547056 0.03431894438044848 0
0.2701989606470942 0.01735459257795183 0
0.2603227887223307 0.03383849996971398 0
0.6496634868070554 0.01649890468628564 0
0.7455895806832638 0.5971291150189748 0
0.7373627229394304 0.5824581561830831 0
0.7464030667036552 0.5671770986894643 0
0.7286957108405338 0.5964397798064245 0
0.7113505580946193 0.595626649930167 0
0.2529392206668735 0.140488931867963 0
0.241195869183205 0.1543390508104516 0
0.2227391324029874 0.1516728302192879 0
0.2482128028686226 0.1737165328188155 0
0.9679481087062611 0.3047868553486373 0
0.7435166192543061 0.4492649751179827 0
0.7366789291505711 0.436067597455192 0
0.7516802656240142 0.4363442411648646 0
0.7449206156894053 0.4228393183151901 0
0.7533828487026106 0.409881407937986 0
0.748025889345001 0.3960942743230407 0
0.756673842101933 0.3832620131141553 0
0.7495567468228556 0.3696096149871155 0
0.7573999936003134 0.3568437719645011 0
0.748927552898188 0.3440919459702559 0
0.486565442990516 0.5258277298518222 0
0.3107381586234598 0.2338002572191173 0
0.250790408688325 0.3875661610440698 0
0.256224347647791 0.402579058161332 0
0.6899779331279221 0.7834707440137907 0
0.6782081494709584 0.7638631701405671 0
0.6906893383906858 0.01649638122966986 0
0.4121355218655848 0.5881935944826741 0
0.4196666385483091 0.5771877588624507 0
0.3977803082644021 0.5839145482188118 0
0.37650976572078 0.5703038126937683 0
0.2078496108968924 0.6898558015675487 0
0.8148934289171877 0.3436981224007068 0
0.8075078923555697 0.3288511532028409 0
0.4222851936304082 0.7685601445234553 0
0.4419286392886566 0.7685626244299173 0
0.7300798359647251 0.01598760819403955 0
0.2701410962355812 0.7828279152336525 0
0.2602478694296584 0.7651547273615226 0
0.2403612145345081 0.7666769361905416 0
0.2472407163415902 0.7467009638862325 0
0.2701685102666681 0.7473492562272044 0
0.2300997778181769 0.78290396848627 0
0.2201584103419779 0.767028915945602 0
0.2009555554638867 0.7664256214058887 0
0.2111213765520038 0.7498058221517823 0
0.2800016757229763 0.7658770301924728 0
0.7432444103805665 0.2074913747907914 0
0.6310493155624629 0.6459029769977698 0
0.6308850422684731 0.5874698328023739 0
0.3679293857579174 0.4894952319638642 0
0.705345088607722 0.3725059441628576 0
0.4812114825651637 0.7666174628430925 0
0.6327375162120209 0.2306175997632635 0
0.6256962970632012 0.2416597866546828 0
0.8015450745248449 0.1581289318492806 0
0.3542084412972519 0.6649056165031175 0
0.6751325682455225 0.3020204659461653 0
0.305412464871416 0.14996049154606 0
0.1037941783904443 0.610149003263104 0
0.122684649426393 0.613484467747568 0
0.1298952763691761 0.6307373332524631 0
0.1705692983305966 0.684984067958419 0
0.1813470894927404 0.6700182089306173 0
0.1627309611603025 0.6676268562666087 0
0.1548833903137162 0.5279365503357042 0
0.2022582080712944 0.2265362336099836 0
0.4624746388573069 0.1865828163011935 0
0.7898490938410943 0.2692442600866763 0
0.763999674240125 0.09416058677511996 0
0.3275963231282087 0.3849979779132598 0
0.8582321705122148 0.4681764444152526 0
0.7593364620573542 0.2362538899900367 0
0.01574724296796294 0.4100281583072563 0
0.9827745334857132 0.3901646168121718 0
0.9837974041840756 0.3511916985086162 0
0.5996121074733727 0.5034484347232524 0
0.5598658320565782 0.7661411205497554 0
0.1625205639721278 0.5027003246378219 0
0.6473699598092124 0.6736403155419278 0
0.01683336040321436 0.3090462458192144 0
0.9832950716250446 0.4883777736697382 0
0.01927668283036713 0.4920087825643217 0
0.2541358391773503 0.3202737128475915 0
0.3461679470013124 0.1270122298996385 0
0.1880991128645473 0.607963846842497 0
0.8353761588650832 0.2218208771939501 0
0.8183067025141378 0.2218287747050991 0
0.84388087479546 0.2377476787752001 0
0.4270622094561197 0.2021456823648468 0
0.4125691739994264 0.1986559492996877 0
0.23068051995175 0.02017675110271758 0
0.770221452587007 0.7816833849659777 0
0.8009676474503965 0.7635801786813927 0
0.7613683512884891 0.764495502216723 0
0.8211608032088076 0.763906283405994 0
0.8309228352018385 0.747643186485984 0
0.8403094312877629 0.7647676413746974 0
0.8502580637989401 0.7823289938062612 0
0.8598181713774662 0.7653656919234986 0
0.7699259430905321 0.01636350403772703 0
0.387210832445538 0.3516268243517617 0
0.6485780522879254 0.2061740689024305 0
0.4527810669742577 0.593049896110459 0
0.6992346763325281 0.3957901565503753 0
0.7972071321671927 0.3709947459116745 0
0.8032180240187488 0.3859555817232401 0
0.6437979662631732 0.4483743043052869 0
0.2933308780294737 0.3922730427647886 0
0.7819833709900813 0.1598855176837502 0
0.1634773991536742 0.2203437250316429 0
0.1516258373542415 0.2339673198858228 0
0.3307498919140773 0.5164980981069771 0
0.39055039972163 0.4442855264357856 0
0.2997510565738392 0.683817021184673 0
0.03210539605181168 0.3000968827012879 0
0.5275569779269809 0.5787135815943367 0
0.8463126577294888 0.5115706424415096 0
0.01589849699619997 0.2094150037939633 0
0.9834222533183771 0.2099173412592845 0
0.9680380472397739 0.2181120425253415 0
0.01953170385222162 0.5881998402119352 0
0.9038700056180395 0.1816431500320686 0
0.8930663501729832 0.1958571316893015 0
0.8948927215286339 0.1645069572866385 0
0.3255562628268664 0.5747033872107743 0
0.3188596268011126 0.5603457657086146 0
0.6814343255361345 0.4930954521006986 0
0.6800742520942655 0.5395442978463753 0
0.7383423685082821 0.6571611657704353 0
0.6637210574709168 0.2353727239314569 0
0.9786914229094441 0.2574655901508435 0
0.1183729853728744 0.6452687210803649 0
0.7982803271184773 0.6013787931332777 0
0.729447155255605 0.7198047735628816 0
0.6199890739939173 0.07838830486532046 0
0.746728975722022 0.1545555850195013 0
0.3564693905649843 0.3354630204194575 0
0.1812030530592799 0.1765495331273155 0
0.8861397176577326 0.6710301417637258 0
0.8770192573782529 0.6542433269769935 0
0.867186699099163 0.6690333345311958 0
0.4622098676615695 0.7644166835264359 0
0.3920514874605496 0.1210394780237117 0
0.6557063943776116 0.1662311118314853 0
0.5295011083652448 0.7829416669544824 0
0.8579018527015353 0.3304349383251809 0
0.1422605651857516 0.2973112063074794 0
0.1535053483491063 0.2820709427375078 0
0.2263010218822544 0.6921147068948998 0
0.2188281637863062 0.675253173698537 0
0.2282061989557209 0.6595645495454768 0
0.7952839834398744 0.6319581834296224 0
0.8171822822772847 0.6024799304488053 0
0.7928944578529176 0.5850228647025894 0
0.5818471806035612 0.1657689652631719 0
0.3541910483395819 0.5795643325154991 0
0.7772301663172827 0.7098159146384853 0
0.2902973196268041 0.4140388169522092 0
0.3928809842613028 0.05003796683012503 0
0.154376848562869 0.3304788625832146 0
0.01626650316414208 0.350382640346195 0
0.01606708598531061 0.3702359012014745 0
0.8868418905265074 0.1147270043592699 0
0.01635134256155419 0.2705272954237314 0
0.01874698976328533 0.2492862604468286 0
0.9821153486535452 0.5320610009668576 0
0.01706699576370983 0.5303730334562993 0
0.01544492885648769 0.5499303477109772 0
0.2643657046122642 0.3499532748035272 0
0.3182646496504682 0.1812694335952446 0
0.5947635448318537 0.6708278505919754 0
0.577973659215584 0.667984757463193 0
0.01874723599278514 0.449578146380485 0
0.6078950246446236 0.3754592815112843 0
0.4286549147411076 0.2495354088280702 0
0.08449958104115243 0.3195069183151155 0
0.1893284884189354 0.01619184463247571 0
0.8112004619997722 0.01631720045293713 0
0.3732290705450949 0.162556766457023 0
0.5445546563502052 0.5511813513927497 0
0.0924005618138226 0.02721768200946591 0
0.05919715870236551 0.03653467376818752 0
0.03934295260721653 0.03416921393981738 0
0.9356805078380854 0.2179828629384041 0
0.6609422822081461 0.7656869585585634 0
0.980560107462295 0.4299292530252115 0
0.1903220678754786 0.7829662658404374 0
0.1813127401970495 0.7648811410630163 0
0.9800139835752879 0.6297878443416309 0
0.01946459884707672 0.1690061246881513 0
0.9824652482057696 0.1703190270212771 0
0.9638969497964469 0.1608042513888963 0
0.964238425214084 0.140653364101444 0
0.9469215762550088 0.1298283752813354 0
0.9654355915557857 0.1210191427593016 0
0.9488400529212841 0.1106501294841981 0
0.966790144288856 0.1024278885324699 0
0.01727175716178323 0.6299155609407506 0
0.0334850627176952 0.6404373782975449 0
0.03405822682526492 0.6599115501551654 0
0.03559617796219816 0.6194314564884883 0
0.01730506052993458 0.669860711685111 0
0.03350242625662972 0.6793873939444308 0
0.0526110202944263 0.6702736238792673 0
0.01705436809918867 0.6898136877579421 0
0.6280331974195172 0.3310506293327031 0
0.8023877433786966 0.0950978423689289 0
0.8919896922745436 0.5792458557514683 0
0.1063644239384704 0.1149612011843776 0
0.5913706752007077 0.09777206395450735 0
0.8590678494992661 0.4372699875126225 0
0.8626003632908645 0.40525130870047 0
0.3245395824183933 0.2944239149387583 0
0.8749721852821173 0.6866021759010961 0
0.8480099726080504 0.6677870895478315 0
0.8368270679462135 0.6832190785830237 0
0.8488542179306353 0.1127221729412939 0
0.7590325934646729 0.707316211379871 0
0.04999999999990191 0.01786736538066947 0
0.2591807020141511 0.157409382145583 0
0.6060174139669876 0.2290686431664345 0
0.9150085779847614 0.2402552328031681 0
0.1490136412864831 0.01661993249709316 0
0.1296883220052003 0.01720145015247436 0
0.1386826527892321 0.033788908891884 0
0.1212154640788659 0.03383386299874621 0
0.1308440404538825 0.05147253325252005 0
0.850577653918112 0.01691763882504454 0
0.8700098201268985 0.01718221701886987 0
0.8792159657136311 0.03354571959713021 0
0.8604423049058761 0.03317053625876685 0
0.1500170052486706 0.7826893099087796 0
0.7332570512314014 0.4879626519415162 0
0.9820198902273095 0.6729339064899346 0
0.01628868543837184 0.1300618702353993 0
0.01664871087809629 0.1104422079940407 0
0.9095394999063526 0.7793262521182678 0
0.9095139811406364 0.01694676105470884 0
0.0900008060240996 0.7837355320637962 0
0.9828449920428821 0.07009556130818731 0
0.9660095559441877 0.05975438065175235 0
0.965994123486016 0.03958232847041188 0
0.9494431189225071 0.02867201026840926 0
0.01711718458516521 0.7294922733809399 0
0.950593268045139 0.7824668199427038 0
0.9254121479702142 0.762502047603115 0
0.0512063280638472 0.7836997554258458 0
0.1040120264429495 0.1946557063887934 0
0.144080133510214 0.1212055111363889 0
0.4250370818647169 0.2374101276399356 0
0.642825265464118 0.3470068337934933 0
0.530424584383372 0.1776021221170653 0
0.3876250322285608 0.5363041387513968 0
0.08701822985889017 0.2405176085293237 0
0.438238906207648 0.6788177171080999 0
0.73943036416936 0.4078121863067183 0
0.1997918674190128 0.6724942558263818 0
0.09012684711140119 0.7074862948262695 0
0.8691985814041897 0.7831292889093557 0
0.09463941349624851 0.5029922190066098 0
0.965048115948683 0.765365027292635 0
0.2892734963681515 0.6228306292633414 0
0.8104967452413361 0.7818899425148624 0
0.6488198957474688 0.282253335069597 0
0.2709795383244739 0.4845666657816826 0
0.2786415769955787 0.4993386992298093 0
0.03624654866343452 0.7200240142207773 0
0.9050280059968969 0.424758002898608 0
0.4396763033826906 0.03645332819292293 0
0.07133893682556797 0.1572206032149449 0
0.3294695867485944 0.7213686016386525 0
0.6618124257680257 0.03245323541538206 0
0.4808436837362113 0.6707014666333326 0
0.5735050138792819 0.5289472429007662 0
0.1045963207041958 0.06440168919677092 0
0.1283623702223806 0.712643413339159 0
0.8084897618180625 0.4260492263516465 0
0.8978891230703807 0.06504062939536269 0
0.8174060261652892 0.2842980659372764 0
0.8028873719073766 0.5700475017948303 0
0.216361679088251 0.08564586901329005 0
0.5585061130958155 0.03414544890027385 0
0.3357637805157896 0.1832211059956518 0
0.346258532090845 0.1712521175790436 0
0.9080119891550412 0.5025356320371972 0
0.7033603215205163 0.1945527022469424 0
0.5741719962841614 0.06585727674384668 0
0.9190835959180307 0.3479591201818227 0
0.06351131358335593 0.6878123588019833 0
0.06604605355342315 0.6564007110392508 0
0.3048137462558236 0.4514616287840988 0
0.5297502958394076 0.2497943218310098 0
0.1927933947962072 0.3515922961987724 0
0.4215095765056427 0.224786472411527 0
0.105427512007286 0.2431700642857579 0
0.1119976679448133 0.7607199185120894 0
0.4287011828039443 0.5514857893512973 0
0.7886274486509267 0.6946785540919755 0
0.06110852274976514 0.0903413212041328 0
0.2787866104030957 0.2704677013030141 0
0.1927202662236785 0.1136492781807842 0
0.713233336864364 0.1534874565794356 0
0.049008926088103 0.3664587142835429 0
0.8873408073078276 0.5314134141394103 0
0.2130511676270677 0.3272493411051071 0
0.308277387683219 0.4276580939452351 0
0.07296829527238775 0.7556238513627017 0
0.38507671399251 0.4223389718471954 0
0.9214896320927299 0.7081112279760118 0
0.7253799196013921 0.6240745164275701 0
0.7925169974847416 0.4254607881651848 0
0.9435302034139866 0.6762739738576968 0
0.1622968177421748 0.3900206923517121 0
0.1690246156911966 0.4049198798822723 0
0.3491830421574325 0.5658114678752713 0
0.4249254188389805 0.4904583032358034 0
0.191698988139417 0.6552388601331669 0
0.174484495059829 0.7346590340331473 0
0.8900850900399855 0.5008927608276423 0
0.7980157329813494 0.3437095585863651 0
0.4736592138408169 0.2252637315857079 0
0.5832618520846015 0.2155191607197985 0
0.7569747091058565 0.2628576481043458 0
0.08289006150464863 0.3937107372400286 0
0.8794363586220659 0.7368350317696799 0
0.08070240139632409 0.4718558905786955 0
0.7925602478909491 0.04667447243699719 0
0.9026737589578119 0.3167419476144759 0
0.7214098675285924 0.6542366907624404 0
0.3175204448524016 0.08992266995175577 0
0.6987168643226529 0.09520382687051782 0
0.1945036883040773 0.3937749257552844 0
0.8090846810843609 0.5542890672539866 0
0.9829976396259114 0.129999999999745 0
0.5643094956578852 0.2578461467536998 0
0.9404457292302049 0.5672761946932755 0
0.4228374034738292 0.7205354311919747 0
0.2059242343022884 0.6104379905362842 0
0.2226780186301119 0.1030423333971781 0
0.5017227113860672 0.2826445041464438 0
0.05493134741911964 0.2026829296673206 0
0.1221711470906076 0.1980000722611654 0
0.1506760668320122 0.138594311528991 0
0.9073631660718685 0.3940536346337886 0
0.7419403482650059 0.2360447780875436 0
0.8787150264554557 0.06503809889132905 0
0.2156668072044031 0.03577809377719164 0
0.1602139288564075 0.3460664541573826 0
0.09175574920058163 0.45737324524197 0
0.1338251783121674 0.1840497418056613 0
0.04248642111029875 0.08668798232553381 0
0.9408839945413306 0.709843913008558 0
0.05497565934211941 0.6197976075313275 0
0.1005890033486796 0.2740090052837727 0
0.2815690725310132 0.7305494202082701 0
0.3642843517588091 0.08420901157986997 0
0.4769870816893469 0.09510317376084557 0
0.9028981989017066 0.4555737562592165 0
0.278258343242179 0.6647237957835981 0
0.6720556723652024 0.1381786406763438 0
0.8389473279298542 0.1283027239181129 0
0.5551725530403058 0.2967910977128551 0
0.1755418789751252 0.3065532975369538 0
0.9642228135595099 0.08143044718458702 0
0.7246153160847705 0.5001984912884405 0
0.1735345226130638 0.652918416320253 0
0.9010801090682909 0.3473274815456884 0
0.8407260182162389 0.06398175497920328 0
0.1122944471841334 0.5057351736512622 0
0.1937834854580786 0.5790632571271869 0
0.6997065576238887 0.607244343366993 0
0.6768983121218819 0.7119764746892432 0
0.7536146719479918 0.04577967583710017 0
0.4605123673790769 0.1348291391000283 0
0.7769591925814902 0.6304203156150369 0
0.9542016062978241 0.3815205502276677 0
0.9519070818106252 0.2427130700072679 0
0.8266088432215427 0.2373808706452885 0
0.9470465450040579 0.4745293382482516 0
0.03422398054620646 0.2005274297652316 0
0.09114596577595384 0.3371498409347857 0
0.6588449425284517 0.6174342600549367 0
0.2703733760359467 0.09614687562740562 0
0.7831791658805343 0.09423318434091114 0
0.1813632147045359 0.548353322318883 0
0.6308027222529538 0.1524960875665967 0
0.1986936588888011 0.1798000948543424 0
0.1212370315917417 0.6951196858935209 0
0.1224833684565342 0.3701656631164447 0
0.1158113796943509 0.3539307179751779 0
0.1688896735542588 0.5178682523414946 0
0.9408154945142418 0.2872792867094023 0
0.397041643688625 0.346083021653003 0
0.1928131593814775 0.1626461042352774 0
0.8956854486586017 0.270336693930754 0
0.4105507642224152 0.07929381585456297 0
0.4226672266046303 0.06370721436345532 0
0.3621345856663811 0.1744155509659319 0
0.2086153854902684 0.354187420005343 0
0.8469298281966042 0.3738307257128675 0
0.05400409917808136 0.5285957120463489 0
0.6310717504052017 0.7214523119625599 0
0.7935807451520441 0.1114494641987774 0
0.8177658600438696 0.5081532703598184 0
0.5329112259837159 0.1374931919623298 0
0.9635149397823753 0.5081627310681295 0
0.4443558141847931 0.08689509282243585 0
0.3408320476043546 0.6158098051151359 0
0.8581927767680249 0.129585232664038 0
0.0490170863903318 0.435955411479461 0
0.4216436653284662 0.2949217235368611 0
0.1027751992001757 0.3211833926702617 0
0.6187489208623949 0.6261584786654387 0
0.37171606792627 0.5574545017308463 0
0.5679628538955406 0.5611081659170052 0
0.5555621104322976 0.557425680648879 0
0.5841627362930948 0.731771658304941 0
0.7669753241636111 0.2915052786367289 0
0.7159549539815375 0.2748015747792356 0
0.03338009548423118 0.401360939996014 0
0.2278088758232465 0.2879894567228392 0
0.7727272073192224 0.4780098161030984 0
0.7821569904007324 0.3176840117309895 0
0.6514990525194971 0.2945442673582633 0
0.2950629818599657 0.5209586816895742 0
0.2627608243332631 0.2241555633237409 0
0.2361912186830229 0.232327266393557 0
0.4020311011720953 0.7656553952488835 0
0.6878059823472792 0.6489635271003823 0
0.758239569093813 0.1107205776910229 0
0.314741338904069 0.4771121812329704 0
0.0342213364634736 0.2808983262604335 0
0.7258144335469566 0.5687143458942364 0
0.08946084489161978 0.4101948261175017 0
0.550363925055568 0.5398866787575057 0
0.7703063097282028 0.692573422852296 0
0.2028753262738317 0.4485164409848057 0
0.7433752554699751 0.5430380932981036 0
0.20063243598602 0.4079618383171142 0
0.8740389896146653 0.576780782598057 0
0.7408601262363059 0.1106312449137485 0
0.2426857354208342 0.2483739198246606 0
0.550361583370315 0.7246651821849397 0
0.3998631792738379 0.5374887451856168 0
0.4978550929752993 0.1147345242307039 0
0.6632259081788514 0.5643447169469904 0
0.3056579489313268 0.3587426579081284 0
0.2835518071835252 0.2852059052609224 0
0.5135938083074898 0.1998307890583375 0
0.5504889618021063 0.6305595910296188 0
0.3574627174318128 0.5213551305599595 0
0.4667441015246435 0.7119361484887191 0
0.1293412132831361 0.7835609453023343 0
0.7276377595382996 0.09208025414081444 0
0.5663340823660845 0.2251425467804601 0
0.6470109934777869 0.4174012953582162 0
0.5123275882963524 0.6374714688502107 0
0.03748578099505627 0.3293221582064677 0
0.6642048950919092 0.06371363224203683 0
0.5944407928915671 0.2445141730064833 0
0.4612608812955297 0.03456090356527886 0
0.3396815232654881 0.7074609793326078 0
0.4714443041815718 0.2484395955076439 0
0.2644180827344002 0.07890649841658874 0
0.5337213223919073 0.5120582254405384 0
0.325530950192579 0.5037961238706963 0
0.3997191809802358 0.6215180246193832 0
0.3707123707274096 0.6191378935296412 0
0.4591301714321302 0.2244823012351102 0
0.5958574981786863 0.3039751104374374 0
0.538528864865031 0.2061223907284991 0
0.3026838103933636 0.2641030097611962 0
0.3226764176536364 0.3398553829702968 0
0.3226482841107002 0.4616914813086724 0
0.6897560563729096 0.4055447078054734 0
0.3444659549809561 0.5191882160979335 0
0.6861701982185774 0.4391952479300122 0
0.6956475785308915 0.1809065476152614 0
0.634918446855388 0.4551628296032624 0
0.864261574771866 0.3750057648893813 0
0.8873990345636409 0.2543925042388527 0
0.5123468857408133 0.2839609185681091 0
0.4406096309185622 0.55243899830089 0
0.3723393932035944 0.4690392544011568 0
0.6826121085891411 0.4728337559011387 0
0.635142008924796 0.363897741068212 0
0.4204492801822856 0.5085986761033311 0
0.801539294617664 0.2220608226575218 0
0.6297577782535854 0.3416335539979894 0
0.3497920582280494 0.2913388470001456 0
0.388935171502165 0.2068264759977319 0
0.1418256795174646 0.6170430211450139 0
0.6619491584310164 0.4909129273470342 0
0.8499149788933239 0.3153841016743487 0
0.4697689390009806 0.5652543359273995 0
0.3955709482018777 0.2534264216414476 0
0.8284694046097775 0.666611198119953 0
0.2992471919854272 0.2454882727980244 0
0.3580149497188378 0.4313022357395072 0
0.3338758892470763 0.3063917710443149 0
0.1988765747002326 0.47766870784229 0
0.3333825899914394 0.4841238269395302 0
0.2199742115079276 0.4918903803993679 0
0.7063438248366323 0.1102144992683473 0
0.8635494207569288 0.5918356768335187 0
0.398197766278463 0.3634693985407242 0
0.9152204763344646 0.4101156484306341 0
0.2046014760771887 0.0996375644556239 0
0.9657342451064357 0.3629345140031405 0
0.3702869053871488 0.6676726956450968 0
0.6243544647208145 0.5232396876590324 0
0.4061537028670334 0.7176790036564641 0
0.3667529553781866 0.2706716156541525 0
0.1137939379897693 0.1324152510569085 0
0.2028589845101958 0.3394607615979022 0
0.8100781454759216 0.2059277673805372 0
0.7945746061801683 0.3989952647800377 0
0.09406101937289936 0.2571817622806286 0
0.8400149496466744 0.6514850584290248 0
0.2897343477105564 0.05034151094029088 0
0.1321862422222569 0.1354495403604666 0
0.859209705787217 0.3003731870257265 0
0.4405165562189604 0.2524145794493345 0
0.3641868571674354 0.4031980745756201 0
0.8976813618317783 0.5169150639701736 0
0.2084504486161077 0.4635116202026002 0
0.5556816387882053 0.2663767641905187 0
0.1341785353546665 0.5999760929225717 0
0.9128465234769274 0.4407237182874757 0
0.6500532750002861 0.6301965862599435 0
0.2986235669549007 0.4038952605222574 0
0.1092648495970784 0.7101528699862244 0
0.8550231806020783 0.1603948786955572 0
0.5990560281670507 0.5480396544369398 0
0.4286584230419588 0.6255401185471476 0
0.3762477941624262 0.07182126515381329 0
0.1055693620062734 0.4894672686001669 0
0.3952642545208754 0.2858929560261697 0
0.6302435670409147 0.2538913648786266 0
0.1153023698948909 0.5962913780954604 0
0.7346113948400921 0.3426223265240418 0
0.6960604140493056 0.3827668111806892 0
0.2119830469459026 0.2851083101810861 0
0.8647216455910098 0.1771421664159252 0
0.3121683856076332 0.07171705075077517 0
0.2106327958311533 0.5090448680265967 0
0.910769311009028 0.3324504946650071 0
0.9600894866996207 0.2882902315168195 0
0.5183036636648474 0.2471431735444728 0
0.8707695161227137 0.6090641374624897 0
0.7816887772498793 0.4650389790486054 0
0.3228029297909388 0.2439369611382095 0
0.2767332418812707 0.06529693991867086 0
0.4639864441560055 0.287204289961432 0
0.8226340043023234 0.7308421657957116 0
0.5042725016946084 0.2331715742455729 0
0.4990381808176451 0.7161846145808948 0
0.4120984391331727 0.4647352905190359 0
0.6196769861239867 0.7357325657853848 0
0.951768152070539 0.6932050345641453 0
0.6863675394029242 0.3935851267652926 0
0.3129600070918015 0.4395968831850481 0
0.8845396377692114 0.1794283720721315 0
0.6031477819879207 0.4360173770759269 0
0.7215546419277277 0.03380522911811427 0
0.1157641576659543 0.1806695316599909 0
0.4992117863302156 0.1954015383463854 0
0.858031561010281 0.652831884725138 0
0.3300709612540562 0.232148269239109 0
0.3941489499444465 0.7314938032783629 0
0.2289779378111693 0.2159251598525305 0
0.7851633223825896 0.193840148010607 0
0.2334465549600726 0.5183831972507966 0
0.08278145915396354 0.6900243021018696 0
0.1213622739121664 0.5673339213843868 0
0.8819647755303627 0.209635807595089 0
0.7930638292263777 0.1745520565349866 0
0.5346024520274029 0.1921034653313182 0
0.0183942631452216 0.03212498664024351 0
0.9834914327924752 0.03068054205275112 0
0.01617683023008997 0.7693483385397424 0
0.03439148738038383 0.757395449901679 0
0.5709741430566141 0.2916742888650126 0
0.3467623781327175 0.7239384767278845 0
0.2234401265392537 0.5407070653833501 0
0.1850091411138314 0.4060168452250179 0
0.3638674523704387 0.4781014009656182 0
0.7409437564463675 0.7050935614882321 0
0.07537785663775629 0.2544088573039532 0
0.9002585835922701 0.2118765752518053 0
0.2064326228187784 0.2697732862891211 0
0.7976506583772444 0.4659764072740286 0
0.4173141468157958 0.2784970035171171 0
0.9668300442763462 0.47699246163899 0
0.8600573296930187 0.6225360792010759 0
0.1146319766569384 0.550617804076201 0
0.6494534824771111 0.3709462590182527 0
0.4318059842798221 0.2916126741204045 0
0.03405131284779048 0.5248054605967719 0
0.9836854102580109 0.110233953046071 0
0.6195668985411946 0.2970519959224054 0
0.8968487673363987 0.2401872180855232 0
0.5722812537788373 0.5865121259908995 0
0.1981226093213513 0.08225163658384092 0
0.4174352393957727 0.2119348377478007 0
0.0159585747450525 0.07219851653062419 0
0.3889612356623317 0.1659587170088452 0
0.3625429364923755 0.03415771703984133 0
0.6802499687437524 0.369377507622808 0
0.4927975228118955 0.09885363625045215 0
0.5079792694237786 0.6615320343373113 0
0.564749580072969 0.6319760823968757 0
0.1093017150581506 0.1633222201259934 0
0.06379560061652939 0.2685549393446348 0
0.915935794770701 0.6290138227136717 0
0.3584279345500042 0.3486424251701138 0
0.8413441919235995 0.7321183222686972 0
0.7293028928729302 0.3285279201317714 0
0.9230492311810269 0.42596375366022 0
0.9358969620011579 0.09820874182040677 0
0.2419773315173855 0.5466931830248218 0
0.7008049139424235 0.03261314394996546 0
0.4790065719131781 0.2396298077080572 0
0.7216489273341143 0.3134229547317871 0
0.3913107743360349 0.2411316076178048 0
0.9266162792709911 0.613357243051301 0
0.4968900331435665 0.5179314190499172 0
0.1485418286778341 0.04940715399742372 0
0.1868996248024136 0.3368951066171294 0
0.06238241678910958 0.1410402008077463 0
0.23715887350643 0.5723655821890838 0
0.6949278068440476 0.4922799341290581 0
0.8037926449173375 0.4802442066717366 0
0.1233010862631735 0.06808649932666519 0
0.1801910878281901 0.07917657699880794 0
0.6865719065734109 0.341711264050116 0
0.7347564893805479 0.3934440500211259 0
0.6757571809456175 0.358468165972051 0
0.6408572955672294 0.3963891299199812 0
0.4188852311571633 0.6371072008155569 0
0.2008587457060147 0.2545975869381276 0
0.3735271647649046 0.7120568519461354 0
0.4428677975215532 0.1678011255359831 0
0.9289789340338145 0.3333479289784493 0
0.9156373798116095 0.5186909271100762 0
0.7117066846398898 0.7175905487213976 0
0.4860172983935036 0.5148543312683797 0
0.609663878450989 0.5506099959396263 0
0.3922877608571717 0.5476045423373753 0
0.04602139747349133 0.2660402663736656 0
0.6094215446273546 0.4667384569099551 0
0.4923059400367029 0.1803035636887074 0
0.03093177487897031 0.3591477145423352 0
0.4312980987299939 0.7842150144484712 0
0.6983683294359269 0.766920476548816 0
0.7146918861801084 0.4477227281871244 0
0.1706772018060839 0.3340889122908642 0
0.9655876981632596 0.6454000509213733 0
0.9838928988309962 0.7702709585303764 0
0.6089331484116387 0.7504458362536071 0
0.7095404583548826 0.4346861746677869 0
0.161645477772464 0.07599073878250261 0
0.5630339628252339 0.487156680324731 0
0.2535731667612353 0.5759055662079005 0
0.150929592527696 0.7630775111913194 0
0.6434380030093874 0.505979149780716 0
0.2497374949220038 0.6027380538841529 0
0.345215331451225 0.5537905834550041 0
0.3100000000012902 0.7849024232177332 0
0.08795151516031077 0.4870164083508592 0
0.3070575374692491 0.6261927785760535 0
0.6813042331509211 0.03242333598647646 0
0.3486371984838237 0.4447270507703627 0
0.9236824369856907 0.5349678556173764 0
0.7292274997724106 0.4209798188874795 0
0.4144646582302252 0.1598461327029884 0
0.2983461398881299 0.6104462647004554 0
0.3396525457706829 0.5071504996625651 0
0.6199714016907294 0.4312006132104739 0
0.3758781836850977 0.3251676523501357 0
0.9476602953412026 0.3347906840125586 0
0.4335582494817906 0.5619900836683549 0
0.2659447029861384 0.6055706112358363 0
0.2728677779696862 0.6204701329707341 0
0.672806117596586 0.3353642043479757 0
0.5305770802980638 0.08015219169024072 0
0.4140928574434054 0.3323755625805089 0
0.9622162232103544 0.6757852425136354 0
0.1752608995928933 0.4186694496457289 0
0.4726979983982969 0.5043656991883673 0
0.5422879242026268 0.1259331851120661 0
0.03323083926288355 0.6991022310660304 0
0.9849613691424425 0.5899999999994505 0
0.04932105380708816 0.6495583392787192 0
0.4031494541428176 0.2089524932752647 0
0.2851122760352921 0.4021348955507497 0
0.869472609674134 0.04915288621349104 0
0.1972677488012885 0.03297662530595711 0
0.6788140877882409 0.3148266908290198 0
0.9417194693430957 0.4274132618876464 0
0.5688669734700207 0.1897323107781375 0
0.5662960005317276 0.164846719116786 0
0.269653840767848 0.04901295611936098 0
0.1026277395696485 0.1463909225212514 0
0.2652288405979565 0.4449462730935603 0
0.5913016438871258 0.5130910645021294 0
0.5715126090351732 0.6446854486828348 0
0.5549301195140677 0.5022081339504857 0
0.3868083209465206 0.2284081374794948 0
0.7019571815570003 0.2726491217130838 0
0.9852280016408718 0.3099999999992011 0
0.6943315073784855 0.4767781420755065 0
0.9626165727722471 0.5366467713056418 0
0.03054842063741299 0.5576462066802909 0
0.9178745064061699 0.03345929182220311 0
0.9691831250454916 0.2007694948216125 0
0.700420066881556 0.506659678581578 0
0.7111202946504256 0.1808397557742025 0
0.677021794840508 0.6636332281410409 0
0.2973933639447688 0.764235203781645 0
0.4372054718585364 0.240767036620561 0
0.3084489517132114 0.05081475016152246 0
0.8504169984104603 0.04908896367046068 0
0.6179963832428974 0.2509569468548741 0
0.9604827489594092 0.4288410778014197 0
0.3559946457875638 0.3988025903518707 0
0.8987142133152376 0.03335306691316343 0
0.386935365912725 0.5047122431620947 0
0.4240506510092803 0.4996332852096093 0
0.9842678415309926 0.4507144974324427 0
0.6660203348849787 0.3104007357271473 0
0.6399074009110288 0.1660814085580915 0
0.9689186830441187 0.2393885858539455 0
0.7219960161769188 0.4378099672406259 0
0.8173221356159578 0.4137282426604916 0
0.1650600866109046 0.3185396746363846 0
0.8885475647007869 0.04940953643259872 0
0.9425875624195126 0.5364232298229185 0
0.4708519556970368 0.07989648194558981 0
0.4877166992560281 0.08258477474652998 0
0.5922574595052388 0.2749052392523008 0
0.3602473813571836 0.3596583760359598 0
0.3844630913844324 0.5587053774897757 0
0.6834135269719701 0.7300898932487866 0
0.8501671706456958 0.7490790656633783 0
0.3681044996688095 0.5815394887176853 0
0.6628996784424968 0.2982128143848145 0
0.6895848916965124 0.7497123862204396 0
0.3630281958819599 0.5683955682210333 0
0.3985518735038352 0.460115220888231 0
0.6534986439819006 0.04773815627711844 0
0.5149286618041228 0.7192077171550111 0
0.52865074695943 0.5212375516441554 0
0.8016003039696226 0.4127039578816161 0
0.2713183639394404 0.4009018228375752 0
0.4914043881970876 0.2816412137687379 0
0.5451873192602301 0.2929700250104286 0
0.6027427533649969 0.3429760780870982 0
0.06979767894357003 0.484647187775838 0
0.3278110190688232 0.6110688455267592 0
0.1593979398113178 0.4165267436553748 0
0.841132524684179 0.03272326148389015 0
0.4130290335879622 0.320663917025614 0
0.853798039597212 0.4193195077050151 0
0.4522273823269733 0.7840149016918129 0
0.252357279962217 0.4434276197101903 0
0.6180542395561701 0.7665485051926059 0
0.4203003295374779 0.4734100845034728 0
0.835075679564369 0.4153517875042577 0
0.5306574431479583 0.2794389472942892 0
0.1121499263486223 0.3842308814081128 0
0.5834708918745367 0.04977341256374383 0
0.6072713823975543 0.4857091462982107 0
0.4426347520400166 0.5127567299337255 0
0.6411499213692438 0.03166071977939486 0
0.6099712046500674 0.01337076132519465 0
0.03080607327428924 0.3798764274378558 0
0.519119217295523 0.2765039956337604 0
0.3368253545500401 0.5645156851058681 0
0.1591404912564591 0.3014620438311089 0
0.7197719840628155 0.1671368869207038 0
0.5236781519023211 0.664856794947283 0
0.05072198214794012 0.4823488653425928 0
0.03197667168344435 0.6006817674468544 0
0.7591721870044208 0.5164011395841557 0
0.3554904414293633 0.2686842336189853 0
0.0831788571393801 0.1434929417590579 0
0.03170292120501325 0.1820446770015698 0
0.8222307676844337 0.03231962166026525 0
0.7431410178665556 0.3822308935696004 0
0.5630178015255657 0.5373924331932421 0
0.8458938171106281 0.4434033981521802 0
0.1930992972870218 0.2391397302095327 0
0.4933652701248486 0.5669015385068664 0
0.9863226486525392 0.7297155731389191 0
0.5928401868051657 0.312626612333061 0
0.2452435534046667 0.6616442408182799 0
0.7180869612297511 0.6093115131710408 0
0.03185261426504553 0.4791664794700093 0
0.8014943184216181 0.03136963631297839 0
0.8687283088145014 0.7510145090675366 0
0.5054151308365249 0.567281176189476 0
0.6600668588809306 0.2862272590567354 0
0.5124655624554075 0.5800489469230933 0
0.09419091667916425 0.3822061186052675 0
0.03272292300735209 0.2329567625919942 0
0.4734945178673133 0.1920239272004028 0
0.606860193376755 0.4063636087494391 0
0.4394858781367562 0.1549772807090369 0
0.05167388740570204 0.1551928129346809 0
0.3333310632158616 0.7656660135174346 0
0.2439571716818396 0.4129833558545691 0
0.181784901298992 0.7489203575918225 0
0.9666181712371971 0.3383119755700411 0
0.7168147393134076 0.7679756574382715 0
0.9312349453440865 0.1348454937821904 0
0.7801958998989866 0.03041812931425237 0
0.8681217980204321 0.6385291959100918 0
0.1769982584992256 0.03194528466685049 0
0.6164063182509238 0.2812381531835924 0
0.5143748778796712 0.2352185594209119 0
0.1669647068809486 0.2749679573155911 0
0.06116468126802434 0.7693384819748896 0
0.7599750633032325 0.0300630335335453 0
0.3948874139853097 0.3034779766028638 0
0.3077828400053987 0.1934734591220882 0
0.03236112238895241 0.4343331822369149 0
0.2345727165000919 0.4259406028063941 0
0.6882500397426814 0.527715223932282 0
0.7131248108440821 0.09770975705156251 0
0.4037859748849236 0.06426643910227395 0
0.4494366342552857 0.7535981794062304 0
0.0312867337753923 0.09923782131318326 0
0.4857671618879588 0.5759774705255734 0
0.633921628459634 0.764846792302088 0
0.3461699049311056 0.4127235893380923 0
0.9869698966290095 0.6911558014967542 0
0.1433455545966625 0.2672274185717495 0
0.8281967771755598 0.4680952081616854 0
0.3374488695879499 0.2214521762938669 0
0.1594662816346177 0.4446265488262742 0
0.7295700545905193 0.7862749151745732 0
0.5391526191299367 0.6664381226052524 0
0.986047108123864 0.2719659992288039 0
0.5888444501353292 0.3270872443886276 0
0.4525349639206648 0.6430188203506367 0
0.3359007975278426 0.04865539628129106 0
0.2658879202953692 0.4112478319374341 0
0.5747445844076962 0.5978632869934568 0
0.5397931016094564 0.7370395777553849 0
0.6852744102787279 0.2444305673677358 0
0.460094916009802 0.1730059146306539 0
0.7361271025827325 0.1676251133807083 0
0.4556061401034656 0.2934091598709195 0
0.4586221878492329 0.5248323845497583 0
0.7400271141087501 0.02968311582338121 0
0.3192315600019535 0.5476910359613374 0
0.4417158317274746 0.6250017704658939 0
0.9701637403363415 0.3807786342806709 0
0.03025813719193198 0.7399993591851612 0
0.6129125383150519 0.239588115353792 0
0.594130698580694 0.5985907806013478 0
0.6628121338026659 0.5042844349996933 0
0.5552427797722919 0.6688874521301076 0
0.4468308339384668 0.2321035323351651 0
0.09706507859854462 0.5475713430823047 0
0.7745472576304242 0.2787067656331572 0
0.4757068762712581 0.7514296070518672 0
0.5575951228327425 0.7392866731876231 0
0.9499999999998682 0.01283532661788857 0
0.1140140350899689 0.04929949619916846 0
0.696914543634753 0.2608608782328082 0
0.9679190688827205 0.4151062625071613 0
0.5349493109429426 0.2897024862261218 0
0.6063784521813119 0.4446023317260509 0
0.4701406872684585 0.6284323821796856 0
0.8874801646695314 0.6409579541555891 0
0.6686890629814259 0.2768687908434694 0
0.4822387833021181 0.6320129752726305 0
0.9487106316271485 0.1689674007951286 0
0.3962734310283169 0.4972600703281217 0
0.6056822695589883 0.3535271988280563 0
0.1788385454092385 0.2390328095462909 0
0.8768833677790574 0.767630695570212 0
0.352547232529912 0.3656460982605061 0
0.5943677664474274 0.03427138950103977 0
0.6151591900012842 0.5289303632093083 0
0.987573775553963 0.549999999999334 0
0.0759325310093651 0.3795370472853866 0
0.4983078335902298 0.2716039035608275 0
0.3619322106135 0.3236240705036789 0
0.6262393936291234 0.0344407545443045 0
0.2821824390942999 0.2028257069381895 0
0.3777562818646038 0.4897002315782659 0
0.9067554575737742 0.6425026744357669 0
0.2398477755708524 0.4408642890252542 0
0.9684313861389248 0.5217677965688701 0
0.0861352781587319 0.5610018231880614 0
0.8181275058852364 0.4812364315121545 0
0.6165951993030285 0.1528748040262736 0
0.4754670784208706 0.5734800463870372 0
0.5797485051307436 0.5111273238877886 0
0.406827242812142 0.3472919753366893 0
0.5020712356756827 0.6478774966588383 0
0.7530118092725225 0.1681447041575956 0
0.3040582771281084 0.5614826550625521 0
0.8435402116186785 0.4684765597198548 0
0.362959658089391 0.4532726681627735 0
0.4752507696378427 0.5273983787174429 0
0.08078107830854614 0.7702096042402162 0
0.3124253043021655 0.3368492873931825 0
0.5782840774091368 0.4863669105025179 0
0.5143568934311955 0.07837111315789147 0
0.3800970001196357 0.7276738681862489 0
0.3947060460707035 0.3558004815719156 0
0.7106432025996205 0.3136814872604571 0
0.9517386215889445 0.06782777822402819 0
0.7238843207357502 0.07514153475075687 0
0.4209889138149306 0.3152355192914416 0
0.4745758107623557 0.2866165919607995 0
0.4550769186527672 0.07803393472389096 0
0.3500000000014566 0.7881452206504189 0
0.9342271500238832 0.03492284276304457 0
0.3931816696900688 0.6313199841417846 0
0.4116980411961284 0.5699485111386348 0
0.3501111542105938 0.2602250008439718 0
0.7383495574344645 0.3712333862459024 0
0.3831995529005168 0.2169844588316908 0
0.05909321621221417 0.3768633840626865 0
0.03146891307149883 0.5068661112121283 0
0.5637037219204021 0.1778548422562198 0
0.07469776236631927 0.5754076270795895 0
0.5602576090980158 0.5687751849554131 0
0.6179639630794276 0.4152338865364422 0
0.2665275023728987 0.1992032231070801 0
0.3867747070412021 0.3726658965109273 0
0.6433421965856005 0.6429491475397366 0
0.01464101615146044 0.7853589838485774 0
0.9853589838485696 0.01464101615140743 0
0.01464101615133192 0.01464101615135857 0
0.4700046528551535 0.7258744708619946 0
0.8535939152133941 0.4545273738621142 0
0.9695280527510995 0.660985269423075 0
0.3602170338359886 0.2439245720220967 0
0.9854862333056575 0.7854862333056631 0
0.03037677435535488 0.3160623359685328 0
0.6083417170212588 0.1417585923356739 0
0.5375578433793157 0.5704366281084833 0
0.6661902699636411 0.2643067272416096 0
0.4941841951232392 0.2325756095707698 0
0.1594717948573809 0.4887281057131241 0
0.8942876228589718 0.7685548730882338 0
0.4949248209829108 0.260654013554008 0
0.2120374868079722 0.7341198349200855 0
0.5618778687202369 0.1506981528370291 0
0.9725927781109078 0.3206207860786174 0
0.05815297923240241 0.5740446728700787 0
0.251513348959974 0.04637560967004425 0
0.7681175354447907 0.1686421755268973 0
0.03266023405260156 0.0492338573296437 0
0.8250831141048334 0.4934032019862183 0
0.4618268708980628 0.5864581368579579 0
0.1581418027188271 0.03256083754294127 0
0.7814265933895116 0.5178649924683681 0
0.04756893456131549 0.6330003857775566 0
0.08999999999982991 0.01161008481349553 0
0.03082140200802828 0.2632662666017035 0
0.4390618976721034 0.5953798166898188 0
0.6853776435165511 0.483576367031983 0
0.6003456936227524 0.4940524687912155 0
0.8321978351930159 0.5086393964594491 0
0.6186204351332586 0.4682373080134618 0
0.6085599858074661 0.3912586461448029 0
0.9723067028291409 0.6001986710632397 0
0.9667949366831672 0.6139888292258454 0
0.4284784268241452 0.5710958025642852 0
0.4131361659179063 0.6493255840401388 0
0.7554272416162634 0.5431117797872377 0
0.6742434880154953 0.2441756986174835 0
0.8458512879031999 0.546435577515115 0
0.6163005992226624 0.120722066349371 0
0.4774432966024069 0.5113866068818969 0
0.9467787000864277 0.6138436201445082 0
0.9075218270903957 0.2267123335570049 0
0.405034135590296 0.4997817822868371 0
0.951933973080403 0.226022655644394 0
0.3612398929132531 0.2127146570220549 0
0.04763462298293293 0.6871447345866292 0
0.03010583623414758 0.4629751666647852 0
0.4307003873062979 0.5795267548144512 0
0.6063328347410937 0.5813072108934102 0
0.1653309321515944 0.7684614247188597 0
0.9524637564559624 0.09538897065572224 0
0.6492329047810526 0.6564414768701889 0
0.4033160503211323 0.2869199533425741 0
0.3551423391645064 0.2344088313777141 0
0.5358340111702633 0.1121323032978939 0
0.7835210531917887 0.5460373876809382 0
0.624395479114443 0.6362688900266795 0
0.2849960241203753 0.6805260547740331 0
0.02934495657110363 0.341868279138675 0
0.7020206993632235 0.4714096428290425 0
0.2300180582001249 0.7550038890919124 0
0.7159487252754526 0.06297934353520482 0
0.2938946367141815 0.3286013091065932 0
0.8355497015507194 0.5575653613970351 0
0.8388061707508574 0.5231867649198982 0
0.5455892202733039 0.5609936671153042 0
0.2732981857911577 0.457018249873902 0
0.3489504558861289 0.4243210288047157 0
0.02774041936628234 0.5401269350936723 0
0.6754426564430027 0.2547531899858139 0
0.1009227625898224 0.7713345882447393 0
0.4915991509448703 0.2495620559942426 0
0.02818520008115916 0.1400018905700033 0
0.03175424480837502 0.1547825283516799 0
0.611198010513515 0.4308721371189308 0
0.1575743016309024 0.06194022535159979 0
0.4248296267310082 0.152564269291965 0
0.2637043003327664 0.4735090003862628 0
0.1948521798949328 0.752719558040957 0
0.9693446033761359 0.4950975605691399 0
0.5910379238306069 0.6337387243540783 0
0.6339157292146739 0.5279612877561406 0
0.6121069801851434 0.3836716136015526 0
0.5560866701489426 0.5477406046037938 0
0.5832502897150635 0.280624663490265 0
0.1552821812538311 0.4681587150335581 0
0.6138173414113715 0.3080283546579583 0
0.3778320243803703 0.6301045567018179 0
0.723012099881602 0.04976405513013835 0
0.02732809429998118 0.4198702990215686 0
0.7469172965864224 0.554214376485666 0
0.6023954772118675 0.2385241757233909 0
0.10599891405973 0.03304382791628128 0
0.6182735597292099 0.5461958797624211 0
0.6109674966627474 0.6344175121325902 0
0.5180378604157321 0.5218951525861319 0
0.4059128750484132 0.6312121924613028 0
0.2829165935209262 0.4841398830128114 0
0.7475415375042822 0.7680370588559032 0
0.5994979485732685 0.3606107754680443 0
0.03114961643317239 0.5724184105736138 0
0.9723068437706196 0.4603359680568378 0
0.2454516213453934 0.03090223065801026 0
0.166034870607166 0.2344451572032937 0
0.6718158008331588 0.4943524204227007 0
0.5661119449143167 0.6695748163483026 0
0.6632767673256744 0.7529686558397519 0
0.5727525999851901 0.2171604669815955 0
0.6465615637323561 0.3902862805876469 0
0.5048457956032278 0.5205325509779497 0
0.4071686434099575 0.5787869470240367 0
0.3860660781237906 0.7424436194700036 0
0.4280644478375263 0.2994588098202014 0
0.5778317152841815 0.655238995972486 0
0.5932726500444776 0.1144462097714092 0
0.4047472875929536 0.4627937737055325 0
0.7042162439437304 0.5165198054198553 0
0.3877304076268753 0.3074199074986013 0
0.3449337861548454 0.2817833343700567 0
0.4644376931103895 0.4992090037812745 0
0.2926205318814923 0.5438457729239906 0
0.3045920857341337 0.3117009673079376 0
0.6461459454955683 0.76962350804404 0
0.9226588639264599 0.2271659236873266 0
0.588007247272623 0.2227580740447688 0
0.5278165322433301 0.5686507773885984 0
0.04645853891656609 0.7691627396205769 0
0.3870089921238845 0.06317710817808093 0
0.286807185829655 0.530262023691609 0
0.1203153626733722 0.7727945926202163 0
0.986319024081332 0.2444615340689816 0
0.2756235868494456 0.6951615580381014 0
0.4880774525152785 0.2387909965975925 0
0.2820215145607201 0.5161478077661472 0
0.4284946504072714 0.3089967524860558 0
0.04595922669346998 0.2947062494254154 0
0.02871905480506197 0.2178768317012344 0
0.6421540893584314 0.3671674191909198 0
0.3128556923384772 0.3017299911803175 0
0.3697033020260106 0.7696497978943301 0
0.5858989346786334 0.6441018148485578 0
0.3969013979053914 0.4517382471909492 0
0.4907854837306276 0.7248442190337513 0
0.1556144938137067 0.2468618865909523 0
0.2889962316123551 0.4951053498465597 0
0.1495679576893008 0.4530045407682411 0
0.5615958426965455 0.4956952613998806 0
0.5731672376501872 0.5197555516127175 0
0.6016009768608275 0.5732797302508725 0
0.3533072401691607 0.4382711381678605 0
0.7628380072776184 0.7509794967961286 0
0.02844938414992533 0.0819538322165226 0
0.3378558936717871 0.2926481732221804 0
0.3512864311223893 0.2219041805661261 0
0.2605495743233492 0.1843771995219387 0
0.7787242304779424 0.2935299787841631 0
0.4216584512777098 0.2861504670162804 0
0.4252388127293595 0.04740522598437147 0
$EndNodes
$Elements
7 7170 1 7170
1 1 1 50
1 1 7 
2 7 8 
3 8 9 
4 9 10 
5 10 11 
6 11 12 
7 12 13 
8 13 14 
9 14 15 
10 15 16 
11 16 17 
12 17 18 
13 18 19 
14 19 20 
15 20 21 
16 21 22 
17 22 23 
18 23 24 
19 24 25 
20 25 26 
21 26 27 
22 27 28 
23 28 29 
24 29 30 
25 30 31 
26 31 32 
27 32 33 
28 33 34 
29 34 35 
30 35 36 
31 36 37 
32 37 38 
33 38 39 
34 39 40 
35 40 41 
36 41 42 
37 42 43 
38 43 44 
39 44 45 
40 45 46 
41 46 47 
42 47 48 
43 48 49 
44 49 50 
45 50 51 
46 51 52 
47 52 53 
48 53 54 
49 54 55 
50 55 2 
1 2 1 40
51 2 56 
52 56 57 
53 57 58 
54 58 59 
55 59 60 
56 60 61 
57 61 62 
58 62 63 
59 63 64 
60 64 65 
61 65 66 
62 66 67 
63 67 68 
64 68 69 
65 69 70 
66 70 71 
67 71 72 
68 72 73 
69 73 74 
70 74 75 
71 75 76 
72 76 77 
73 77 78 
74 78 79 
75 79 80 
76 80 81 
77 81 82 
78 82 83 
79 83 84 
80 84 85 
81 85 86 
82 86 87 
83 87 88 
84 88 89 
85 89 90 
86 90 91 
87 91 92 
88 92 93 
89 93 94 
90 94 3 
1 3 1 50
91 3 95 
92 95 96 
93 96 97 
94 97 98 
95 98 99 
96 99 100 
97 100 101 
98 101 102 
99 102 103 
100 103 104 
101 104 105 
102 105 106 
103 106 107 
104 107 108 
105 108 109 
106 109 110 
107 110 111 
108 111 112 
109 112 113 
110 113 114 
111 114 115 
112 115 116 
113 116 117 
114 117 118 
115 118 119 
116 119 120 
117 120 121 
118 121 122 
119 122 123 
120 123 124 
121 124 125 
122 125 126 
123 126 127 
124 127 128 
125 128 129 
126 129 130 
127 130 131 
128 131 132 
129 132 133 
130 133 134 
131 134 135 
132 135 136 
133 136 137 
134 137 138 
135 138 139 
136 139 140 
137 140 141 
138 141 142 
139 142 143 
140 143 4 
1 4 1 40
141 4 144 
142 144 145 
143 145 146 
144 146 147 
145 147 148 
146 148 149 
147 149 150 
148 150 151 
149 151 152 
150 152 153 
151 153 154 
152 154 155 
153 155 156 
154 156 157 
155 157 158 
156 158 159 
157 159 160 
158 160 161 
159 161 162 
160 162 163 
161 163 164 
162 164 165 
163 165 166 
164 166 167 
165 167 168 
166 168 169 
167 169 170 
168 170 171 
169 171 172 
170 172 173 
171 173 174 
172 174 175 
173 175 176 
174 176 177 
175 177 178 
176 178 179 
177 179 180 
178 180 181 
179 181 182 
180 182 1 
1 5 1 32
181 5 183 
182 183 184 
183 184 185 
184 185 186 
185 186 187 
186 187 188 
187 188 189 
188 189 190 
189 190 191 
190 191 192 
191 192 193 
192 193 194 
193 194 195 
194 195 196 
195 196 197 
196 197 198 
197 198 199 
198 199 200 
199 200 201 
200 201 202 
201 202 203 
202 203 204 
203 204 205 
204 205 206 
205 206 207 
206 207 208 
207 208 209 
208 209 210 
209 210 211 
210 211 212 
211 212 213 
212 213 6 
1 6 1 32
213 6 214 
214 214 215 
215 215 216 
216 216 217 
217 217 218 
218 218 219 
219 219 220 
220 220 221 
221 221 222 
222 222 223 
223 223 224 
224 224 225 
225 225 226 
226 226 227 
227 227 228 
228 228 229 
229 229 230 
230 230 231 
231 231 232 
232 232 233 
233 233 234 
234 234 235 
235 235 236 
236 236 237 
237 237 238 
238 238 239 
239 239 240 
240 240 241 
241 241 242 
242 242 243 
243 243 244 
244 244 5 
2 1 2 6926
245 1073 2487 2918 
246 2487 2486 2918 
247 1383 1440 3160 
248 1370 2165 2166 
249 1989 589 3413 
250 2588 1543 3447 
251 1784 2197 2847 
252 1390 1388 2071 
253 1878 1587 2203 
254 2563 985 3436 
255 2091 2092 2553 
256 2806 1983 2954 
257 2039 1088 2987 
258 1268 2378 2379 
259 1587 1586 2203 
260 2090 2089 2908 
261 2001 1543 2588 
262 1375 2091 2553 
263 987 985 2563 
264 1670 1987 2263 
265 589 1989 3472 
266 1588 2393 2844 
267 431 428 2489 
268 1786 1538 2613 
269 2065 2034 2216 
270 1069 2090 2908 
271 1983 1982 2954 
272 2360 441 3314 
273 1370 2164 2165 
274 2216 2034 3397 
275 1088 2039 2916 
276 2169 2953 3515 
277 2317 1996 2695 
278 1818 1839 2440 
279 2169 578 2953 
280 1428 1265 2636 
281 2502 1686 2503 
282 2560 2994 3299 
283 1588 1479 2393 
284 1923 2220 2659 
285 2304 2303 3389 
286 2196 2204 3512 
287 2679 1323 2681 
288 2052 310 2577 
289 2184 1444 2307 
290 1268 2379 2380 
291 2073 2082 2217 
292 598 2265 2514 
293 2994 1858 3299 
294 1342 2172 2347 
295 2025 312 2666 
296 754 2765 2818 
297 1979 1128 3457 
298 427 2089 2518 
299 1071 2168 3156 
300 1077 1171 3204 
301 987 2563 2876 
302 2265 1841 2514 
303 2550 987 2876 
304 1877 2759 3276 
305 1905 2360 3314 
306 2401 1904 3311 
307 1816 1818 2440 
308 1388 1476 2071 
309 2722 1933 2731 
310 1243 1390 2525 
311 2394 1786 2613 
312 1213 1215 2164 
313 2286 2127 2972 
314 2135 2132 2362 
315 1406 2078 2551 
316 2342 1261 2882 
317 877 880 2622 
318 2954 1982 3350 
319 2075 2074 2911 
320 565 2126 3253 
321 2115 1023 3393 
322 2172 2173 2347 
323 2303 587 3389 
324 2126 565 2801 
325 2553 2092 3352 
326 2366 754 2818 
327 3112 2505 3132 
328 2283 1171 2564 
329 2283 2564 3479 
330 2364 2114 3321 
331 1390 2071 2840 
332 2036 1060 2557 
333 2463 1341 2902 
334 2378 1268 2654 
335 1494 1243 2525 
336 1128 1979 2325 
337 1023 2115 2969 
338 1987 1670 2262 
339 1088 2916 2959 
340 2486 430 2918 
341 2089 427 2908 
342 315 2040 2077 
343 621 2954 3350 
344 430 2486 2488 
345 1370 1213 2164 
346 1800 2161 2239 
347 3030 1861 3207 
348 3086 2237 3305 
349 1479 1666 3282 
350 2916 2047 2959 
351 1876 1877 3276 
352 2454 2453 2754 
353 449 2018 3476 
354 2972 2127 3214 
355 2078 1873 2551 
356 1460 1985 3483 
357 1901 1902 3067 
358 1163 2263 2962 
359 2044 1452 2538 
360 2074 564 2911 
361 1901 3067 3345 
362 2730 2041 2746 
363 2676 2199 2677 
364 3043 222 3253 
365 1758 2519 2913 
366 2503 1686 2504 
367 1412 1277 2615 
368 312 2025 2667 
369 1526 2856 3283 
370 3070 520 3106 
371 844 842 2380 
372 2204 1138 3512 
373 771 3086 3305 
374 2635 1428 2636 
375 2197 1784 3068 
376 2091 1375 2764 
377 1985 1460 2818 
378 631 2065 2216 
379 2114 2364 3211 
380 1444 2184 3259 
381 426 2073 2217 
382 2267 2505 3112 
383 307 2199 2676 
384 3037 2506 3054 
385 2018 449 3347 
386 2180 588 2182 
387 569 2401 3311 
388 1375 1295 2764 
389 2659 2220 3510 
390 2057 2553 3352 
391 2425 3070 3106 
392 2788 1881 3262 
393 2523 2526 2531 
394 1215 2049 2164 
395 2209 2276 2277 
396 423 2216 3397 
397 2449 2463 2562 
398 3160 2496 3219 
399 2655 1906 2768 
400 1070 2075 2911 
401 824 2051 2315 
402 1171 2283 3204 
403 2506 572 3054 
404 2129 529 2270 
405 2806 673 3108 
406 624 3041 3435 
407 2027 832 2289 
408 2079 1513 2080 
409 2985 2698 3580 
410 2168 2050 3156 
411 2200 549 3404 
412 2719 2094 3173 
413 1952 2079 2080 
414 423 2030 3148 
415 1955 2717 2938 
416 1452 2044 2322 
417 2263 1987 2962 
418 2167 578 2169 
419 825 2325 2964 
420 2717 1955 3150 
421 1917 3052 3137 
422 1138 2204 2205 
423 1752 2605 3471 
424 2037 3100 3111 
425 2632 2633 3265 
426 1997 2016 3442 
427 529 2129 2271 
428 2357 3103 3109 
429 2276 2209 3083 
430 624 626 3041 
431 761 1138 2205 
432 2871 2249 3217 
433 1049 3061 3075 
434 2462 2463 2902 
435 2393 1479 3282 
436 2037 1740 3100 
437 311 2041 2730 
438 3190 2400 3251 
439 1119 2156 3310 
440 2182 588 2183 
441 3061 2608 3075 
442 2016 1997 3528 
443 549 3248 3404 
444 2156 1119 3023 
445 2052 2577 2579 
446 1411 3160 3219 
447 1076 2007 2736 
448 3172 2149 3248 
449 2473 1084 2932 
450 427 2518 2805 
451 3052 620 3137 
452 832 2027 3124 
453 520 2423 3058 
454 320 2730 2746 
455 350 2871 3217 
456 2423 520 3070 
457 3154 298 3205 
458 2506 1866 2983 
459 2056 2698 2985 
460 1961 3249 3254 
461 2988 1068 3031 
462 2508 1898 3297 
463 549 3172 3248 
464 2422 2465 2550 
465 1261 2342 2892 
466 1440 2741 3160 
467 2454 2754 3585 
468 2429 2988 3031 
469 2111 2109 2598 
470 2422 2550 2876 
471 3229 2467 3233 
472 2856 2489 3283 
473 2030 423 3397 
474 2094 2719 3322 
475 2041 311 2731 
476 2518 2517 2805 
477 2471 3057 3062 
478 3057 2020 3062 
479 1765 2241 2297 
480 2248 1629 2249 
481 1068 2423 3031 
482 2400 566 3251 
483 2478 1699 3207 
484 381 2659 3510 
485 2463 2449 3354 
486 575 2655 2768 
487 2376 2378 2654 
488 2622 880 3376 
489 2028 2468 3567 
490 1866 2506 3037 
491 2132 2134 2362 
492 1699 2478 3332 
493 2325 1979 2964 
494 2130 2133 2271 
495 2618 1742 2638 
496 1538 1600 2613 
497 1323 2679 3301 
498 1938 2650 3291 
499 620 2234 3137 
500 2447 3042 3237 
501 1704 3229 3233 
502 2007 1076 2971 
503 1595 1596 2639 
504 586 2311 3343 
505 1786 2394 2403 
506 2423 1068 3058 
507 2380 2473 2932 
508 1983 2806 3108 
509 428 430 2489 
510 2020 2594 3062 
511 1060 2036 2808 
512 2230 2231 2392 
513 875 2364 3321 
514 3165 2148 3376 
515 1034 3165 3376 
516 2526 1390 2840 
517 2957 571 2983 
518 1516 3096 3267 
519 310 2052 2578 
520 2014 2220 2229 
521 383 386 2504 
522 3213 2158 3366 
523 2633 2274 3307 
524 1099 3213 3366 
525 1804 2324 2434 
526 1553 2493 2705 
527 2639 1616 2765 
528 1866 2957 2983 
529 2057 384 2808 
530 2526 1735 2531 
531 1019 2465 2870 
532 3103 1795 3109 
533 2392 2231 3082 
534 842 1268 2380 
535 2353 3094 3123 
536 3121 1081 3170 
537 3138 2788 3262 
538 375 372 2808 
539 2472 3121 3170 
540 321 2727 2728 
541 1996 2269 2695 
542 2355 1826 3088 
543 2594 2020 3444 
544 2729 284 2752 
545 2128 3043 3253 
546 195 2053 2659 
547 2451 2447 3237 
548 2465 2422 2870 
549 2051 824 3151 
550 2825 3241 3375 
551 2364 875 2365 
552 2477 2476 3093 
553 2468 2028 2913 
554 2197 2214 2847 
555 2086 1300 2088 
556 2065 631 2082 
557 1265 1393 2636 
558 2353 2354 3094 
559 2274 2633 3323 
560 2198 374 2532 
561 3166 2008 3299 
562 2311 586 3331 
563 2324 1804 2914 
564 2171 2169 3515 
565 2082 2073 3136 
566 874 2047 2776 
567 2032 2033 2561 
568 245 2223 2224 
569 2062 3154 3205 
570 2986 1910 3011 
571 750 2317 2695 
572 2039 889 2951 
573 2651 2225 3198 
574 2040 315 2746 
575 3236 1883 3260 
576 626 628 3306 
577 602 357 2629 
578 1551 2736 2974 
579 370 368 2830 
580 2080 1968 3187 
581 2757 3236 3260 
582 1625 2014 2229 
583 875 851 2365 
584 2032 2561 3191 
585 2633 1846 3265 
586 2729 2752 3345 
587 2168 1071 3245 
588 2689 1241 2774 
589 2074 2046 3420 
590 1839 2439 2440 
591 2049 1215 2264 
592 431 2489 2856 
593 2353 1081 3121 
594 2650 246 3291 
595 2235 827 2236 
596 2541 2170 2995 
597 2677 1619 2678 
598 2081 760 2367 
599 2384 418 2385 
600 2576 1990 2832 
601 2627 1756 3353 
602 2183 2186 2306 
603 1241 2689 2775 
604 2448 2449 2562 
605 2432 2433 3246 
606 2204 2196 3068 
607 2218 2825 2967 
608 1304 2551 3278 
609 2241 1765 3133 
610 1304 3278 3368 
611 2312 2273 2330 
612 2333 1517 2767 
613 1616 1985 2765 
614 1452 1385 2538 
615 2515 2899 3228 
616 3420 2046 3582 
617 1799 2244 2706 
618 1277 1452 2615 
619 1939 2295 3447 
620 2652 302 3084 
621 2001 616 3475 
622 2605 1752 3201 
623 1898 2508 3333 
624 3096 1892 3267 
625 318 1991 3091 
626 750 2067 2317 
627 311 2722 2731 
628 1482 2669 3471 
629 851 849 2365 
630 2209 2277 3339 
631 2597 2951 3163 
632 3241 1807 3375 
633 2736 2007 2974 
634 2754 2343 3585 
635 396 397 2499 
636 889 2039 2987 
637 245 2224 2225 
638 1370 2166 2541 
639 184 331 2175 
640 1908 2939 3315 
641 604 3128 3337 
642 2161 1800 3243 
643 2053 1923 2659 
644 2225 2651 3373 
645 1019 2424 2466 
646 2249 1629 2629 
647 2238 1504 2955 
648 2273 1420 2330 
649 2500 2741 3122 
650 1629 2248 2845 
651 876 877 2622 
652 1756 2627 3317 
653 263 2013 3371 
654 218 588 2180 
655 2669 1752 3471 
656 2519 264 2913 
657 276 2048 2559 
658 2157 1043 3078 
659 571 2076 2785 
660 2236 827 2237 
661 3187 1968 3440 
662 616 2001 3453 
663 2343 2342 2882 
664 578 2167 2893 
665 2038 2674 3143 
666 395 394 3002 
667 2318 2107 2793 
668 2013 294 3377 
669 1081 2353 3123 
670 1861 3005 3207 
671 2163 2147 2991 
672 794 2354 3027 
673 1787 2491 2493 
674 1085 2985 3580 
675 1991 318 3445 
676 273 2677 2678 
677 2295 1939 3386 
678 1641 2533 3422 
679 2203 1586 2950 
680 2400 1728 3505 
681 1916 1758 2913 
682 213 453 2402 
683 281 2077 2093 
684 1411 1383 3160 
685 2265 2515 3228 
686 572 573 3325 
687 240 548 2437 
688 335 2258 2260 
689 2109 2318 2598 
690 1396 2601 3289 
691 2491 1787 2492 
692 2939 1908 3403 
693 2424 1019 2870 
694 1728 2400 3494 
695 2170 2172 2995 
696 2028 1916 2913 
697 2183 2306 3259 
698 2112 2386 3158 
699 2227 1906 2655 
700 289 2448 2562 
701 2129 2130 2271 
702 467 617 2320 
703 2332 2333 2767 
704 1823 2432 3246 
705 2254 304 3033 
706 273 2676 2677 
707 268 3304 3448 
708 3116 1056 3149 
709 2234 620 3292 
710 1778 2477 3093 
711 2146 2144 2285 
712 2310 2309 2349 
713 3304 1969 3448 
714 2047 874 2959 
715 2244 1585 2706 
716 2275 957 2492 
717 433 383 2504 
718 2344 2261 3225 
719 1246 1100 2775 
720 1976 2467 3131 
721 1808 2508 3297 
722 1547 1646 2731 
723 2610 2611 3264 
724 2430 3116 3149 
725 1869 2312 3092 
726 3084 302 3415 
727 2560 303 2994 
728 2013 263 3261 
729 2309 1297 2349 
730 3029 2374 3048 
731 1310 1594 2795 
732 294 2013 3261 
733 1641 3422 3479 
734 1742 2618 2639 
735 2293 2302 2320 
736 1023 2969 3072 
737 561 2986 3011 
738 2437 2209 3339 
739 1023 2386 3393 
740 2453 287 2754 
741 2163 529 3421 
742 2053 195 3527 
743 2523 2525 2526 
744 1933 2722 3437 
745 612 2355 3088 
746 2014 2058 3458 
747 386 2503 2504 
748 2329 1598 2334 
749 2133 2137 2271 
750 396 2499 2500 
751 2165 2050 2168 
752 678 668 2359 
753 2075 1070 2912 
754 1583 1906 2227 
755 2500 2499 2741 
756 2088 1300 2359 
757 2014 3458 3510 
758 2197 630 2214 
759 401 2498 2499 
760 2468 292 3567 
761 1542 2376 2568 
762 2151 2146 2285 
763 2252 3361 3364 
764 2525 1390 2526 
765 2184 2307 2972 
766 2166 2170 2541 
767 663 3029 3048 
768 1543 1939 3447 
769 574 2215 3039 
770 1214 1218 2599 
771 758 2344 2368 
772 1898 2045 3297 
773 401 2497 2498 
774 2976 593 3180 
775 3249 1867 3254 
776 561 2429 2986 
777 2175 331 2176 
778 1162 2232 2850 
779 529 2271 3421 
780 3027 2589 3046 
781 1596 1616 2639 
782 295 3300 3327 
783 2557 1060 2830 
784 394 391 2590 
785 844 2380 2932 
786 3041 626 3306 
787 2951 889 3163 
788 2347 2173 2348 
789 2175 2176 3359 
790 2058 198 3458 
791 2209 2208 3083 
792 2920 1876 3276 
793 2176 3255 3359 
794 897 2158 3213 
795 2493 2491 2705 
796 3297 2045 3313 
797 2231 1924 2971 
798 2067 750 2772 
799 2135 2362 3370 
800 2312 2330 3161 
801 1043 2157 3480 
802 2178 1620 3164 
803 1513 2079 2737 
804 2926 677 2939 
805 374 2281 2532 
806 1989 2242 3472 
807 235 2159 3172 
808 1706 2471 3001 
809 1739 1548 2243 
810 2117 2111 2598 
811 1428 2635 2742 
812 2434 2324 2814 
813 2083 2084 3060 
814 1015 2466 2855 
815 1787 2275 2492 
816 908 2618 2638 
817 1743 1745 2578 
818 761 2205 2820 
819 1704 2510 3534 
820 357 355 2629 
821 1295 1300 2764 
822 2429 561 2988 
823 1490 2055 3490 
824 198 2058 3293 
825 2611 2222 3342 
826 1917 2098 2934 
827 2303 2252 3364 
828 304 2494 3033 
829 2608 663 3048 
830 3300 2206 3327 
831 2312 595 3092 
832 2601 2302 3289 
833 1801 1802 2591 
834 2681 1323 3105 
835 2192 2191 2193 
836 2172 1342 2995 
837 2082 631 2217 
838 1878 2203 3193 
839 3060 2084 3081 
840 1865 2926 2939 
841 2482 2481 2483 
842 2052 1743 2578 
843 2757 260 3157 
844 3335 2928 3354 
845 3064 2668 3445 
846 2618 1595 2639 
847 3175 2185 3547 
848 2322 2044 2587 
849 3115 1348 3272 
850 1849 2976 3180 
851 2222 2611 3391 
852 3156 2747 3162 
853 2078 1406 3056 
854 2611 1829 3264 
855 2187 2185 3175 
856 2572 2973 3001 
857 2376 1542 2378 
858 309 2576 2832 
859 2466 2424 2855 
860 2158 897 3379 
861 1071 3156 3162 
862 2248 1247 2845 
863 1346 2712 3113 
864 2304 2369 2758 
865 390 2085 2590 
866 794 3027 3046 
867 397 401 2499 
868 1699 3030 3207 
869 2386 2112 3393 
870 1412 2615 3464 
871 3285 2812 3302 
872 2294 3287 3289 
873 3485 2070 3559 
874 1669 2255 2256 
875 1594 2323 2795 
876 287 2345 2946 
877 2354 794 3094 
878 1620 2178 3419 
879 574 3039 3405 
880 2669 1482 3551 
881 315 2077 3280 
882 2025 1499 2667 
883 335 2260 3171 
884 1447 1965 2278 
885 1499 1914 2667 
886 384 375 2808 
887 3375 1807 3438 
888 2147 2163 3421 
889 3128 1966 3337 
890 374 366 2281 
891 3299 2008 3441 
892 2101 2129 2270 
893 2066 2280 3258 
894 2321 2322 2587 
895 3054 572 3325 
896 453 2212 2402 
897 3197 3117 3454 
898 2696 1867 3249 
899 273 2678 2819 
900 2160 2318 2793 
901 1554 2572 2863 
902 2572 2571 2863 
903 365 2228 2281 
904 2226 908 2637 
905 1739 2243 2244 
906 2535 867 3072 
907 3013 2545 3025 
908 830 839 2507 
909 2365 849 2555 
910 2567 1932 3415 
911 2159 235 3388 
912 2467 1121 3131 
913 2425 1056 3116 
914 2166 2165 2167 
915 1234 1363 2253 
916 548 2209 2437 
917 372 1060 2808 
918 1808 2507 2508 
919 2439 1839 2904 
920 564 2074 3420 
921 2920 3276 3511 
922 2190 2191 2192 
923 2126 2128 3253 
924 556 571 2785 
925 663 2608 3061 
926 1607 2735 2779 
927 2776 1844 3047 
928 465 467 2320 
929 2973 1706 3001 
930 2671 77 3215 
931 2055 1490 3549 
932 2517 2085 2805 
933 2083 1008 3025 
934 617 2293 2320 
935 2051 1080 3348 
936 1060 370 2830 
937 2243 1585 2244 
938 2347 2348 3462 
939 2148 2622 3376 
940 366 365 2281 
941 401 402 2497 
942 2073 1950 3136 
943 1300 2086 2764 
944 1911 2427 2428 
945 1874 2619 3073 
946 522 3313 3381 
947 1997 2606 3528 
948 1669 1582 2255 
949 2825 1971 2967 
950 3313 2045 3381 
951 2469 699 2697 
952 2109 2107 2318 
953 1629 602 2629 
954 751 2434 2814 
955 2510 1704 3233 
956 2244 1799 3552 
957 2394 425 2403 
958 2899 2515 3234 
959 2538 1385 2539 
960 2036 2057 2808 
961 1036 2385 3270 
962 1812 2956 3063 
963 1080 2051 3151 
964 2742 2548 2802 
965 368 374 2830 
966 2161 192 2239 
967 1217 2268 3069 
968 19 20 2482 
969 249 19 2482 
970 1971 1604 3263 
971 430 2488 2489 
972 2747 1790 3169 
973 2605 3218 3471 
974 2674 2038 3460 
975 1043 1044 3078 
976 1781 3117 3197 
977 2220 2014 3510 
978 1015 2426 2570 
979 226 629 2160 
980 2232 1162 3202 
981 2127 2126 2801 
982 1825 2757 3157 
983 187 340 2214 
984 2098 676 2934 
985 1008 3013 3025 
986 2245 1247 2248 
987 2493 1553 3582 
988 1881 2788 3414 
989 2448 289 2630 
990 874 2776 3047 
991 1764 2233 2351 
992 1533 2253 2266 
993 2302 2293 3289 
994 2313 825 2592 
995 415 1162 2850 
996 391 390 2590 
997 394 2591 3002 
998 2686 1903 2838 
999 1430 1167 2543 
1000 1300 678 2359 
1001 1516 2369 3096 
1002 2253 1363 2266 
1003 321 2728 3355 
1004 203 426 2217 
1005 2586 2143 2878 
1006 2599 2070 3485 
1007 1425 2462 2902 
1008 374 2198 2830 
1009 1782 1784 2847 
1010 2678 1619 2679 
1011 2085 390 2805 
1012 2122 2535 3072 
1013 1802 1960 2591 
1014 2471 1706 3057 
1015 2592 825 2964 
1016 189 630 2190 
1017 1961 2469 2697 
1018 1865 2554 2915 
1019 2251 2250 2875 
1020 2027 2289 2941 
1021 2240 1534 2297 
1022 1807 1502 3438 
1023 3362 2002 3380 
1024 2314 1551 2691 
1025 2606 1997 3269 
1026 1059 2554 2869 
1027 2311 2310 3125 
1028 1930 3324 3384 
1029 1978 2675 3501 
1030 1428 2742 2802 
1031 1398 1447 2278 
1032 238 2200 2207 
1033 832 791 2289 
1034 2267 1363 2272 
1035 629 2162 2598 
1036 1056 2425 3106 
1037 2062 259 3154 
1038 433 2504 3026 
1039 2712 1346 3119 
1040 211 2202 2210 
1041 2076 571 2957 
1042 2323 1594 2814 
1043 2211 2210 2950 
1044 2289 2288 2941 
1045 2191 630 2197 
1046 2073 426 3360 
1047 1865 2915 2926 
1048 2229 1924 2231 
1049 1867 2696 3277 
1050 2577 250 2579 
1051 2099 2101 2270 
1052 2369 1193 2758 
1053 402 405 2497 
1054 1270 1607 2779 
1055 185 184 2175 
1056 2280 2279 3258 
1057 2678 2680 2819 
1058 243 574 2219 
1059 1329 1474 2351 
1060 2385 1036 3449 
1061 254 2566 3079 
1062 1935 3152 3168 
1063 2862 1482 3471 
1064 2666 312 3451 
1065 3020 2311 3125 
1066 2564 1641 3479 
1067 2700 3004 3053 
1068 296 3285 3302 
1069 1933 1547 2731 
1070 3218 2862 3471 
1071 2268 1854 3069 
1072 2075 2912 3056 
1073 219 218 2180 
1074 2752 1901 3345 
1075 1534 2240 2534 
1076 2349 2347 3462 
1077 1779 2458 2644 
1078 1276 2287 2821 
1079 2376 540 2568 
1080 6 213 2402 
1081 2396 2043 3336 
1082 2277 2278 3039 
1083 1646 2041 2731 
1084 2426 1015 2855 
1085 2874 2251 2875 
1086 241 240 2437 
1087 1431 3362 3380 
1088 1917 2934 3052 
1089 1583 2227 2543 
1090 3005 3038 3188 
1091 2160 629 2318 
1092 2656 1387 2657 
1093 2741 1440 3122 
1094 2029 720 3465 
1095 1387 2316 2657 
1096 1494 2525 3488 
1097 2406 892 3546 
1098 2272 1455 2505 
1099 1509 1246 2775 
1100 2077 281 3280 
1101 839 1271 2507 
1102 356 2321 2587 
1103 331 2218 2967 
1104 1218 2070 2599 
1105 2263 1163 3146 
1106 1996 2317 2620 
1107 1100 1241 2775 
1108 1272 443 2534 
1109 1420 2273 2628 
1110 668 670 2359 
1111 454 2095 3347 
1112 1247 2245 2350 
1113 1911 2428 2474 
1114 2912 2078 3056 
1115 1215 1214 2599 
1116 394 2590 2591 
1117 2819 2680 3085 
1118 287 29 2345 
1119 387 2161 3243 
1120 2243 1548 2387 
1121 1625 2229 2230 
1122 281 2093 2094 
1123 892 2406 3271 
1124 2580 267 2748 
1125 2190 630 2191 
1126 2586 2878 3400 
1127 3044 1895 3145 
1128 1804 1077 3204 
1129 387 3243 3367 
1130 1912 2826 2865 
1131 2046 1667 2493 
1132 2334 1598 2859 
1133 1034 2284 2285 
1134 684 1520 2290 
1135 2727 321 3065 
1136 2081 2367 3440 
1137 2675 1978 3273 
1138 908 2226 2618 
1139 957 2275 2879 
1140 2339 2344 3225 
1141 2361 2363 2555 
1142 2483 2481 3188 
1143 2358 1387 2656 
1144 384 2057 3352 
1145 2291 829 2295 
1146 3438 1502 3499 
1147 2287 2224 2821 
1148 2261 2344 3398 
1149 1452 2322 2615 
1150 399 395 3002 
1151 1782 2847 3242 
1152 288 2457 2458 
1153 670 672 3007 
1154 709 2290 2777 
1155 956 2250 2866 
1156 1700 1811 2382 
1157 3460 2038 3468 
1158 1565 801 2313 
1159 318 3064 3445 
1160 815 1289 2279 
1161 3324 2072 3384 
1162 2201 208 3148 
1163 290 113 2464 
1164 825 809 2325 
1165 3409 2173 3515 
1166 720 2029 3492 
1167 35 263 2332 
1168 2691 1551 2974 
1169 283 2682 2849 
1170 2590 1801 2591 
1171 1128 2280 3457 
1172 2228 365 2771 
1173 2380 2379 2473 
1174 3231 2641 3234 
1175 1879 2774 3059 
1176 2332 263 2333 
1177 760 2081 3176 
1178 177 178 2721 
1179 1906 1669 2769 
1180 1008 2083 3060 
1181 676 2098 3063 
1182 373 2439 2904 
1183 1167 2370 2543 
1184 1916 2028 3539 
1185 2515 3231 3234 
1186 1297 2309 2740 
1187 1961 2697 3249 
1188 508 567 2391 
1189 1597 1310 2795 
1190 1669 2256 2769 
1191 2399 566 2400 
1192 2029 3465 3491 
1193 3309 2858 3341 
1194 2578 2580 2748 
1195 2055 2473 3490 
1196 1598 1257 2859 
1197 516 566 2399 
1198 2385 418 3270 
1199 291 2479 2480 
1200 2458 1779 3093 
1201 1858 3166 3299 
1202 926 1307 2433 
1203 1363 1232 2272 
1204 1980 2401 3378 
1205 322 3066 3067 
1206 267 2580 2582 
1207 267 2582 2583 
1208 288 25 2457 
1209 2005 2671 3215 
1210 2366 2029 3491 
1211 2375 2376 2654 
1212 2754 287 2946 
1213 2755 3115 3272 
1214 2449 3335 3354 
1215 589 2976 3413 
1216 461 465 2301 
1217 2403 2305 2931 
1218 1786 2403 2931 
1219 1911 1910 2986 
1220 827 2235 3226 
1221 2619 1024 3073 
1222 1667 1787 2493 
1223 1474 1764 2351 
1224 793 2288 2289 
1225 1034 884 2284 
1226 3152 511 3168 
1227 2276 1397 2277 
1228 2247 609 3466 
1229 483 598 2514 
1230 2373 656 2894 
1231 2173 2171 3515 
1232 2373 2374 3018 
1233 2969 2122 3072 
1234 2866 2661 2897 
1235 1679 1678 2536 
1236 1093 775 2314 
1237 1686 2502 3412 
1238 577 2747 3169 
1239 675 684 2290 
1240 2214 340 2847 
1241 2223 245 3178 
1242 259 2061 3407 
1243 906 857 2296 
1244 3004 735 3053 
1245 471 829 2291 
1246 3429 2063 3481 
1247 2476 288 3093 
1248 291 21 2479 
1249 2869 2692 2888 
1250 614 2806 2954 
1251 2183 588 2185 
1252 1986 3460 3468 
1253 2256 2664 2883 
1254 2642 2703 2921 
1255 326 758 2368 
1256 687 761 2820 
1257 1236 1234 2253 
1258 2192 2381 3330 
1259 893 2388 2643 
1260 1774 2326 2327 
1261 2227 1430 2543 
1262 2751 3525 3572 
1263 319 2668 3064 
1264 2391 567 2751 
1265 2578 1745 2580 
1266 2317 1885 2620 
1267 2047 1724 2776 
1268 2671 3210 3358 
1269 2234 2233 3137 
1270 952 957 2879 
1271 2255 1582 2569 
1272 2664 591 2883 
1273 1189 1516 2308 
1274 2301 465 2320 
1275 2267 2272 2505 
1276 1185 1372 2316 
1277 2435 2222 3391 
1278 2530 1494 3488 
1279 3005 1861 3038 
1280 2307 1104 2972 
1281 2265 598 2515 
1282 1619 2677 3365 
1283 2328 1598 2329 
1284 2751 2750 3525 
1285 2331 2332 2767 
1286 1774 1486 2326 
1287 2051 1599 2315 
1288 2120 2118 2282 
1289 1502 1773 3499 
1290 593 594 2575 
1291 2127 2286 3470 
1292 352 1306 2387 
1293 2346 1342 2347 
1294 2680 2682 3085 
1295 2236 2238 2955 
1296 341 345 2367 
1297 291 2480 2481 
1298 2348 2173 3409 
1299 2324 2323 2814 
1300 1255 1598 2328 
1301 1341 2463 3354 
1302 249 2482 2483 
1303 2671 2005 3210 
1304 1957 363 2397 
1305 2048 276 3358 
1306 609 2247 3432 
1307 2768 1906 2769 
1308 2542 3184 3216 
1309 2967 1971 3263 
1310 133 297 2527 
1311 122 3139 3250 
1312 2936 1708 2961 
1313 2389 830 2507 
1314 1534 449 3476 
1315 3018 2374 3029 
1316 1980 3378 3420 
1317 2363 2365 2555 
1318 2524 2527 2528 
1319 2344 2337 2368 
1320 1808 528 2389 
1321 801 804 2313 
1322 1105 1104 2307 
1323 336 760 2371 
1324 1561 2198 2532 
1325 2236 2237 2238 
1326 1266 1397 2276 
1327 2858 2097 3341 
1328 2765 1985 2818 
1329 793 797 2288 
1330 2295 829 3447 
1331 2846 2702 2894 
1332 791 793 2289 
1333 1578 1177 2358 
1334 2956 676 3063 
1335 1162 417 2360 
1336 2167 2168 2893 
1337 2240 1272 2534 
1338 2061 259 3296 
1339 2554 1059 2915 
1340 908 734 2637 
1341 1882 2538 2539 
1342 3287 1396 3289 
1343 1283 495 2436 
1344 2331 34 2332 
1345 2751 1719 3561 
1346 2344 758 3398 
1347 2673 1828 3298 
1348 443 444 2534 
1349 1903 2686 3269 
1350 3141 2263 3146 
1351 1406 1407 3056 
1352 3321 2113 3495 
1353 259 2062 3296 
1354 2355 2300 2356 
1355 849 847 2555 
1356 1275 1329 2351 
1357 2210 2202 2950 
1358 1666 2634 2635 
1359 2225 2224 2287 
1360 3141 3146 3219 
1361 324 326 2368 
1362 429 2305 2403 
1363 2905 275 3262 
1364 930 926 2433 
1365 20 291 2482 
1366 2095 454 3334 
1367 1086 2820 3012 
1368 1475 1513 2737 
1369 1205 1342 2346 
1370 429 432 2305 
1371 1167 970 2370 
1372 1225 1224 2405 
1373 2298 460 2299 
1374 709 2777 3034 
1375 1057 1099 2286 
1376 2361 901 2362 
1377 1814 1738 2352 
1378 2359 670 3007 
1379 29 30 2345 
1380 2375 540 2376 
1381 833 378 2357 
1382 2391 2751 3561 
1383 2335 324 2368 
1384 1066 1338 2569 
1385 323 324 2335 
1386 956 2866 2897 
1387 310 2578 2748 
1388 985 1102 3436 
1389 2250 956 2875 
1390 2667 1914 2668 
1391 2063 2064 3481 
1392 290 2464 3252 
1393 265 323 2335 
1394 435 1822 2495 
1395 2329 2334 3294 
1396 662 667 2573 
1397 2527 297 2528 
1398 2826 1850 2865 
1399 2446 2442 2537 
1400 2558 275 2905 
1401 775 776 2314 
1402 2337 2335 2368 
1403 540 541 2568 
1404 113 114 2464 
1405 2362 2134 2363 
1406 606 1270 2574 
1407 2041 2040 2746 
1408 1007 1005 2549 
1409 1984 1460 3483 
1410 2703 748 2921 
1411 1670 2263 3141 
1412 2626 1466 2700 
1413 266 2441 2442 
1414 2298 2300 2355 
1415 1059 2869 2888 
1416 333 336 2371 
1417 1074 2570 2823 
1418 894 2936 2961 
1419 957 958 2492 
1420 3184 795 3216 
1421 433 3026 3103 
1422 1666 2635 2636 
1423 338 341 2367 
1424 2166 2167 2169 
1425 528 531 2389 
1426 1503 1800 2381 
1427 1735 2526 2840 
1428 1004 1006 2546 
1429 667 1294 2573 
1430 1918 2063 3429 
1431 868 901 2361 
1432 356 358 2321 
1433 1306 2243 2387 
1434 2570 2426 2823 
1435 2266 1363 2267 
1436 262 2459 2460 
1437 1466 2626 2699 
1438 2147 2138 2586 
1439 396 2500 2501 
1440 2720 177 2721 
1441 1791 2049 2264 
1442 458 460 2298 
1443 1501 1807 2395 
1444 2463 2460 2562 
1445 2089 1769 2518 
1446 425 429 2403 
1447 2174 185 2175 
1448 2774 1241 3059 
1449 2442 2441 2537 
1450 2382 1811 3186 
1451 1420 2328 2330 
1452 2439 833 2440 
1453 600 606 2574 
1454 3049 2177 3502 
1455 2505 1455 3394 
1456 2202 2203 2950 
1457 1281 1490 2377 
1458 363 364 2397 
1459 178 282 2721 
1460 3199 2016 3528 
1461 2546 1006 2617 
1462 1224 1131 2306 
1463 441 2613 3314 
1464 1565 2313 2592 
1465 1201 1297 2740 
1466 407 435 2495 
1467 845 848 2593 
1468 2282 2118 3235 
1469 2795 1526 3283 
1470 2061 292 3407 
1471 1353 1266 2276 
1472 1843 2720 2721 
1473 2574 1270 3090 
1474 537 540 2375 
1475 1935 1492 2407 
1476 2114 2113 3321 
1477 2179 219 2180 
1478 101 102 2583 
1479 349 352 2387 
1480 289 117 2630 
1481 2674 271 3143 
1482 495 497 2436 
1483 2955 1504 3281 
1484 1102 983 2404 
1485 312 2667 2704 
1486 1531 2085 2517 
1487 3499 1773 3560 
1488 1011 1007 2549 
1489 1177 1178 2358 
1490 699 2469 2965 
1491 1956 1615 2487 
1492 33 34 2331 
1493 1389 1169 2634 
1494 1141 757 2701 
1495 2372 1644 2648 
1496 369 434 2396 
1497 1093 2314 2691 
1498 2509 257 2510 
1499 1397 1398 2278 
1500 2356 3433 3493 
1501 2213 6 2402 
1502 1297 2346 2349 
1503 841 843 2383 
1504 132 133 2527 
1505 2460 2459 2562 
1506 2298 2299 2300 
1507 1742 2639 2765 
1508 506 508 2391 
1509 2128 2282 3043 
1510 872 876 2319 
1511 1414 1641 2564 
1512 2388 1731 2643 
1513 34 35 2332 
1514 1568 1567 1569 
1515 1682 1679 2536 
1516 813 815 2279 
1517 1160 1420 2628 
1518 1447 1501 1965 
1519 2522 252 2523 
1520 1403 1351 1533 
1521 2215 241 2437 
1522 1568 1569 1620 
1523 2063 1918 3411 
1524 2820 2205 3012 
1525 392 2501 2502 
1526 1739 2244 2807 
1527 1151 1266 1353 
1528 606 607 621 
1529 1984 2384 2385 
1530 843 845 2593 
1531 2878 542 3400 
1532 265 31 323 
1533 266 119 2441 
1534 2495 1822 2496 
1535 656 2846 2894 
1536 1550 1367 2350 
1537 1486 1485 2326 
1538 1128 2279 2280 
1539 2637 2438 2860 
1540 2167 2165 2168 
1541 2571 2573 2863 
1542 2145 2149 2159 
1543 563 572 2506 
1544 2361 2362 2363 
1545 28 287 2453 
1546 1571 1949 1951 
1547 262 115 2459 
1548 2405 1224 3340 
1549 1522 1521 1523 
1550 833 2357 3109 
1551 606 605 607 
1552 376 833 2439 
1553 25 26 2457 
1554 1131 1129 1444 
1555 264 124 2468 
1556 655 666 2470 
1557 1566 1567 1568 
1558 266 2443 2630 
1559 586 2252 3331 
1560 2188 2405 3340 
1561 1523 1524 1658 
1562 961 2490 2491 
1563 102 267 2583 
1564 2443 2448 2630 
1565 1338 2255 2569 
1566 2348 3409 3524 
1567 1253 1255 2328 
1568 1327 1377 1503 
1569 1503 1675 1800 
1570 2726 1928 2727 
1571 193 192 2161 
1572 451 2068 3508 
1573 112 290 2475 
1574 24 288 2476 
1575 2431 930 2433 
1576 302 2567 3415 
1577 196 195 2659 
1578 1578 2358 2656 
1579 188 187 2214 
1580 1520 1086 1521 
1581 2126 2124 2128 
1582 1091 1093 1327 
1583 1808 2389 2507 
1584 807 809 825 
1585 1057 904 1099 
1586 186 185 2174 
1587 39 260 2484 
1588 1311 1597 2485 
1589 1666 2636 3282 
1590 600 605 606 
1591 392 393 2501 
1592 811 813 1128 
1593 1175 1414 2564 
1594 227 226 2160 
1595 618 624 673 
1596 2802 2548 2851 
1597 1183 1185 2316 
1598 617 2291 2292 
1599 1566 1565 1567 
1600 456 458 612 
1601 1652 1911 2474 
1602 110 257 2509 
1603 260 40 2511 
1604 1952 2080 3416 
1605 204 203 2217 
1606 257 2475 2670 
1607 1404 1403 1586 
1608 2014 1624 2058 
1609 1104 1057 2286 
1610 696 699 2965 
1611 1131 1444 2306 
1612 553 556 2785 
1613 2226 2637 2860 
1614 513 516 2399 
1615 220 219 2179 
1616 2548 2549 2851 
1617 751 752 2434 
1618 2390 506 2391 
1619 732 908 2638 
1620 21 22 2479 
1621 857 855 2296 
1622 1352 1351 1403 
1623 293 42 2521 
1624 612 2298 2355 
1625 502 633 2435 
1626 1781 2232 3117 
1627 2485 1597 2488 
1628 131 252 2522 
1629 190 189 2190 
1630 2522 2523 2531 
1631 684 685 1086 
1632 612 458 2298 
1633 2322 1845 2615 
1634 392 2502 2503 
1635 209 208 2201 
1636 970 971 2370 
1637 1904 2655 3311 
1638 1187 1189 2308 
1639 815 817 1289 
1640 1230 1228 1455 
1641 1327 1093 1377 
1642 239 238 2207 
1643 1503 1377 1675 
1644 1640 1962 2533 
1645 1990 2576 3530 
1646 214 6 2213 
1647 1666 1389 2634 
1648 1367 1055 2350 
1649 847 846 853 
1650 1563 1561 2532 
1651 1091 775 1093 
1652 212 211 2210 
1653 1151 1152 1266 
1654 2507 1271 2508 
1655 568 491 2610 
1656 1273 1272 1485 
1657 244 243 2219 
1658 171 246 2650 
1659 1063 1066 2569 
1660 2300 2299 2601 
1661 2095 2018 3347 
1662 2219 574 3405 
1663 1800 2239 3330 
1664 773 775 1091 
1665 242 241 2215 
1666 628 635 709 
1667 821 823 1154 
1668 845 844 846 
1669 1474 1475 1519 
1670 845 846 847 
1671 324 325 326 
1672 2277 3039 3339 
1673 759 443 1272 
1674 1551 781 2736 
1675 800 1565 1566 
1676 326 327 328 
1677 841 842 843 
1678 550 553 2452 
1679 783 1076 2736 
1680 843 844 845 
1681 2572 1554 2973 
1682 868 872 901 
1683 328 329 330 
1684 1921 1923 2053 
1685 447 449 1534 
1686 882 884 1034 
1687 1128 813 2279 
1688 330 332 333 
1689 345 343 2640 
1690 961 962 2490 
1691 2327 835 3372 
1692 333 334 336 
1693 2069 2656 2657 
1694 2293 2292 2294 
1695 1643 2233 2234 
1696 1266 1267 1397 
1697 1191 1193 2369 
1698 964 930 2431 
1699 843 842 844 
1700 1557 2036 2557 
1701 1055 1053 2350 
1702 336 337 338 
1703 2293 2294 3289 
1704 988 987 2550 
1705 1340 1847 2544 
1706 1594 1031 2614 
1707 886 888 1119 
1708 1274 1275 1424 
1709 1281 1282 1490 
1710 323 285 324 
1711 335 333 2371 
1712 467 469 617 
1713 760 338 2367 
1714 1886 3257 3371 
1715 1234 1232 1363 
1716 2009 1878 2010 
1717 2336 2335 2337 
1718 469 471 2291 
1719 2245 1550 2350 
1720 1470 1589 1946 
1721 1269 1573 2640 
1722 855 851 875 
1723 755 644 2594 
1724 737 739 2438 
1725 831 1280 1281 
1726 841 840 842 
1727 2346 2347 2349 
1728 901 872 2319 
1729 853 868 2361 
1730 407 409 435 
1731 255 160 2658 
1732 2273 1579 2628 
1733 1599 1537 2315 
1734 995 1019 2466 
1735 338 339 341 
1736 761 762 1138 
1737 1415 1416 1670 
1738 622 610 2845 
1739 635 675 2290 
1740 2383 843 2593 
1741 884 886 2284 
1742 2561 819 3191 
1743 1020 2632 3265 
1744 646 2540 2594 
1745 1376 1375 2553 
1746 1537 1486 1774 
1747 1031 746 2614 
1748 2299 2302 2601 
1749 1270 2779 3090 
1750 839 840 841 
1751 859 857 906 
1752 435 1108 1415 
1753 1585 1584 1882 
1754 1232 1230 2272 
1755 779 781 1551 
1756 1053 1247 2350 
1757 346 1269 2640 
1758 1917 1519 2098 
1759 1965 1501 2395 
1760 1044 1083 1151 
1761 675 680 684 
1762 438 443 759 
1763 999 1015 2570 
1764 471 473 829 
1765 1948 1946 2252 
1766 783 785 1076 
1767 1422 1531 2517 
1768 1228 1225 2405 
1769 830 838 839 
1770 1274 1263 1275 
1771 534 536 830 
1772 1844 2388 2791 
1773 504 506 2390 
1774 1672 2809 2919 
1775 1273 1485 1486 
1776 759 1272 1273 
1777 352 613 1306 
1778 2398 513 2399 
1779 1474 1473 1475 
1780 545 547 831 
1781 2443 2442 2444 
1782 1643 1424 2233 
1783 405 2495 2497 
1784 787 789 2392 
1785 1994 1550 1995 
1786 2546 2545 2977 
1787 855 875 2296 
1788 1306 1584 1585 
1789 597 599 600 
1790 2597 1715 2951 
1791 2374 1544 2609 
1792 830 536 838 
1793 1329 1473 1474 
1794 301 162 2558 
1795 303 74 2559 
1796 256 72 2560 
1797 2067 1885 2317 
1798 886 1119 2284 
1799 1129 1105 2307 
1800 413 415 2850 
1801 2452 2785 2933 
1802 253 167 2565 
1803 254 79 2566 
1804 159 255 2567 
1805 3079 2566 3507 
1806 1970 1604 1971 
1807 18 249 2576 
1808 106 250 2577 
1809 617 469 2291 
1810 1485 2241 2326 
1811 1306 613 1584 
1812 1689 2743 3017 
1813 2444 2446 2447 
1814 972 1304 2595 
1815 1185 1187 1372 
1816 809 811 2325 
1817 915 913 2798 
1818 2233 1764 3137 
1819 1624 1622 2257 
1820 1189 1191 1516 
1821 1520 1521 1522 
1822 1230 1455 2272 
1823 341 343 345 
1824 709 635 2290 
1825 265 2335 2336 
1826 2137 2138 2147 
1827 1588 3485 3559 
1828 2529 2672 2673 
1829 1569 1570 1571 
1830 1447 1448 1501 
1831 101 2583 2744 
1832 556 558 571 
1833 1549 1548 1739 
1834 361 363 1845 
1835 2498 2496 3160 
1836 905 904 1057 
1837 2352 1685 2353 
1838 684 1086 1520 
1839 891 903 1043 
1840 876 2622 3101 
1841 2319 876 3101 
1842 2011 2010 2030 
1843 1259 1263 1274 
1844 865 863 1023 
1845 2097 3050 3341 
1846 789 832 2392 
1847 616 2512 2513 
1848 839 838 840 
1849 2499 2498 2741 
1850 2292 2291 2295 
1851 2547 1011 2549 
1852 1195 1197 1470 
1853 1947 2310 2311 
1854 261 2453 2454 
1855 1579 1156 2628 
1856 420 422 441 
1857 1845 363 1957 
1858 1135 1590 2631 
1859 1058 1057 1104 
1860 1780 2718 2850 
1861 1522 1523 1525 
1862 2338 2337 2339 
1863 1640 1642 1962 
1864 1255 1257 1598 
1865 275 164 2647 
1866 438 439 443 
1867 2125 2124 2126 
1868 1887 1599 2051 
1869 1877 1587 1878 
1870 757 743 2701 
1871 369 371 434 
1872 322 3067 3554 
1873 737 2438 2637 
1874 1962 1642 2068 
1875 346 348 1269 
1876 1372 1187 2308 
1877 1238 1236 1351 
1878 1549 1739 2382 
1879 1492 1392 2407 
1880 2785 2076 2933 
1881 1523 1521 1524 
1882 817 819 2561 
1883 393 396 2501 
1884 1504 1503 2381 
1885 2099 514 2100 
1886 1907 1652 2474 
1887 266 2442 2443 
1888 1281 1280 1282 
1889 2206 250 3327 
1890 1302 1406 2551 
1891 447 448 449 
1892 804 807 2313 
1893 1493 1367 1550 
1894 1764 1519 1917 
1895 1387 1183 2316 
1896 1537 1774 2315 
1897 1181 1183 1387 
1898 1815 1814 2472 
1899 863 861 2386 
1900 435 409 1108 
1901 1269 348 1548 
1902 800 801 1565 
1903 8 9 2704 
1904 646 648 2540 
1905 1571 1572 1949 
1906 710 711 2556 
1907 621 607 2954 
1908 687 708 761 
1909 1485 2240 2241 
1910 1717 1720 2039 
1911 600 604 605 
1912 1420 1253 2328 
1913 415 417 1162 
1914 831 547 1280 
1915 1493 1550 1994 
1916 2354 2536 3027 
1917 693 1135 2631 
1918 1490 1282 1491 
1919 1516 1191 2369 
1920 607 608 614 
1921 1504 2238 3514 
1922 3139 2520 3250 
1923 1658 1524 1782 
1924 2445 2444 2451 
1925 1414 1578 1640 
1926 1897 1819 2542 
1927 156 2652 2653 
1928 1542 1281 2377 
1929 1640 1578 1642 
1930 481 483 2514 
1931 367 369 2396 
1932 508 510 567 
1933 2124 2120 2282 
1934 460 461 2301 
1935 2626 2624 2699 
1936 2430 511 3152 
1937 1609 1611 2024 
1938 734 737 2637 
1939 2378 2377 2379 
1940 2116 2111 2117 
1941 776 779 2314 
1942 656 2373 3018 
1943 477 479 616 
1944 638 1244 2787 
1945 1269 1548 1549 
1946 789 791 832 
1947 2277 1397 2278 
1948 1995 2246 2247 
1949 1201 1203 1297 
1950 1023 863 2386 
1951 2198 2557 2830 
1952 660 662 2573 
1953 223 222 3043 
1954 473 475 2588 
1955 1649 1579 1869 
1956 1819 1817 2542 
1957 1544 1433 2609 
1958 2133 2136 2137 
1959 2140 2143 2586 
1960 1017 1011 2547 
1961 614 615 618 
1962 1160 1253 1420 
1963 1678 1384 2589 
1964 1621 1620 1622 
1965 2554 1635 2869 
1966 1722 1724 2047 
1967 618 619 624 
1968 330 333 335 
1969 326 325 327 
1970 336 338 760 
1971 454 455 456 
1972 45 296 2585 
1973 341 342 343 
1974 1949 1950 2073 
1975 1684 1682 1685 
1976 324 285 325 
1977 1414 1177 1578 
1978 405 407 2495 
1979 2441 286 2537 
1980 2455 2456 2644 
1981 1946 1589 1947 
1982 1415 1108 1416 
1983 326 328 758 
1984 1780 1108 2718 
1985 1175 1177 1414 
1986 328 327 329 
1987 1525 3255 3263 
1988 1125 1665 2516 
1989 871 867 2535 
1990 1244 640 2621 
1991 500 502 2435 
1992 1501 1502 1807 
1993 2461 2460 2462 
1994 456 457 458 
1995 1470 1197 1589 
1996 2278 1965 3039 
1997 1270 621 1607 
1998 787 2392 3082 
1999 1398 1400 1447 
2000 943 972 2595 
2001 373 376 2439 
2002 258 2476 2477 
2003 417 420 2360 
2004 2143 2144 2145 
2005 2339 2337 2344 
2006 1338 1579 1649 
2007 330 329 332 
2008 1271 841 2383 
2009 489 568 2641 
2010 2177 398 2178 
2011 1712 1715 2597 
2012 1338 1156 1579 
2013 2232 1780 2850 
2014 502 504 633 
2015 1828 2673 3477 
2016 376 378 833 
2017 684 680 685 
2018 2138 2140 2586 
2019 2238 2237 3086 
2020 343 344 346 
2021 2211 2950 3238 
2022 1478 1424 1643 
2023 2145 2146 2149 
2024 937 938 2596 
2025 510 513 2398 
2026 264 2519 3139 
2027 1796 1738 1814 
2028 333 332 334 
2029 298 2522 2531 
2030 797 800 2288 
2031 541 545 2568 
2032 516 519 566 
2033 380 383 433 
2034 1422 1293 1531 
2035 1351 1236 2253 
2036 895 871 897 
2037 1384 1382 2589 
2038 624 625 626 
2039 610 1629 2845 
2040 1995 2245 2246 
2041 771 772 773 
2042 336 334 337 
2043 1658 1782 3242 
2044 764 766 827 
2045 444 447 2534 
2046 154 248 2606 
2047 1583 1582 1669 
2048 2607 1794 2608 
2049 262 2460 2461 
2050 531 534 2389 
2051 829 473 2588 
2052 897 871 2535 
2053 1203 1205 2346 
2054 1205 1207 1342 
2055 560 563 2506 
2056 1455 1228 2405 
2057 1209 2541 2995 
2058 1738 1684 2352 
2059 2321 1845 2322 
2060 1769 1591 2518 
2061 1066 1156 1338 
2062 458 459 460 
2063 773 774 775 
2064 633 504 2390 
2065 2459 289 2562 
2066 284 148 2690 
2067 913 1736 2798 
2068 2455 2454 2456 
2069 1108 409 2718 
2070 1583 1669 1906 
2071 166 253 2646 
2072 1925 3295 3501 
2073 157 302 2652 
2074 807 808 809 
2075 594 597 2575 
2076 1552 1430 1904 
2077 2809 965 2919 
2078 338 337 339 
2079 848 847 849 
2080 1531 1801 2085 
2081 1517 2333 3257 
2082 2667 2668 2704 
2083 2447 2446 2450 
2084 2256 1649 2664 
2085 983 981 2404 
2086 420 441 2360 
2087 1993 1854 2268 
2088 1592 2899 3234 
2089 1726 1729 1844 
2090 590 592 593 
2091 594 596 597 
2092 617 2292 2293 
2093 1135 837 1293 
2094 1980 1552 2401 
2095 432 438 2305 
2096 1581 1062 1582 
2097 1344 1167 1430 
2098 567 510 2398 
2099 2058 1624 2257 
2100 581 583 589 
2101 1611 1613 2406 
2102 1935 2407 3152 
2103 1932 2567 3284 
2104 1581 1582 1583 
2105 1135 1293 1422 
2106 1169 1127 2634 
2107 900 898 904 
2108 2046 2493 3582 
2109 1779 1778 3093 
2110 1026 1077 1804 
2111 2444 2442 2446 
2112 378 380 2357 
2113 1665 2548 2742 
2114 1092 970 1167 
2115 358 361 2321 
2116 422 425 2394 
2117 2642 1746 2703 
2118 2583 2582 2584 
2119 1020 923 2632 
2120 346 347 348 
2121 1615 1614 2487 
2122 352 353 613 
2123 1275 1328 1329 
2124 1591 1422 2517 
2125 853 854 868 
2126 573 576 580 
2127 563 570 572 
2128 1130 1129 1131 
2129 441 422 2394 
2130 1466 1141 2701 
2131 2462 1425 3145 
2132 3302 1856 3309 
2133 2299 2301 2302 
2134 483 485 598 
2135 2491 2490 2705 
2136 364 367 2397 
2137 958 961 2492 
2138 380 433 2357 
2139 1032 1031 1310 
2140 811 1128 2325 
2141 1470 1946 1948 
2142 1297 1203 2346 
2143 1311 1310 1597 
2144 1623 1622 1624 
2145 1881 2905 3262 
2146 2512 481 2514 
2147 2024 1611 2406 
2148 1041 1249 2693 
2149 975 1062 1581 
2150 2123 2120 2124 
2151 2444 2447 2451 
2152 100 101 2744 
2153 597 600 2574 
2154 1684 1685 2352 
2155 1257 1258 1259 
2156 693 837 1135 
2157 32 285 323 
2158 120 286 2441 
2159 2571 660 2573 
2160 2071 1476 3559 
2161 1641 1640 2533 
2162 850 849 851 
2163 2668 319 2704 
2164 834 746 1031 
2165 2443 2444 2445 
2166 991 988 2550 
2167 626 627 628 
2168 2427 1911 2986 
2169 116 289 2459 
2170 261 27 2453 
2171 497 500 2436 
2172 717 720 2602 
2173 1255 1256 1257 
2174 1552 1904 2401 
2175 1528 1609 2698 
2176 1948 2252 2303 
2177 2336 2337 2338 
2178 1644 1316 2648 
2179 2087 1769 2089 
2180 2328 2329 2330 
2181 644 646 2594 
2182 1178 1181 2358 
2183 1344 1430 1552 
2184 389 392 2503 
2185 2039 1720 2916 
2186 2372 2373 2894 
2187 2353 1685 2354 
2188 2624 1148 2699 
2189 125 292 2468 
2190 104 310 2748 
2191 741 756 2783 
2192 2246 2248 2249 
2193 831 1542 2568 
2194 1437 1794 2607 
2195 444 446 447 
2196 2309 1589 2740 
2197 1259 1262 1263 
2198 173 306 2603 
2199 307 65 2604 
2200 1092 1167 1344 
2201 797 799 800 
2202 1896 1819 1897 
2203 2678 2679 2680 
2204 868 869 872 
2205 891 1043 3023 
2206 1211 1370 2541 
2207 1392 1394 2407 
2208 1209 1211 2541 
2209 3161 2330 3504 
2210 1211 1213 1370 
2211 294 38 2484 
2212 1296 1295 1375 
2213 1668 2046 2074 
2214 1845 1957 2615 
2215 348 349 2387 
2216 809 810 811 
2217 1591 2517 2518 
2218 1444 1129 2307 
2219 257 111 2475 
2220 258 23 2476 
2221 2085 1801 2590 
2222 1614 2485 2486 
2223 148 149 2690 
2224 1589 1197 2740 
2225 2246 2249 2871 
2226 2462 2460 2463 
2227 1132 1131 1224 
2228 386 389 2503 
2229 2140 2142 2143 
2230 981 979 1170 
2231 2257 398 3293 
2232 2264 1215 2599 
2233 847 853 2555 
2234 653 655 2470 
2235 2228 2022 2281 
2236 1675 1676 1919 
2237 1788 1492 1935 
2238 1119 888 3023 
2239 114 262 2464 
2240 295 109 2509 
2241 41 293 2511 
2242 1009 1014 2617 
2243 1869 2273 2312 
2244 2407 1394 2408 
2245 968 970 1092 
2246 1722 2047 2916 
2247 2000 2658 3312 
2248 616 479 2512 
2249 1639 1637 1865 
2250 1557 1556 2036 
2251 1253 1254 1255 
2252 666 2571 2572 
2253 2565 299 2600 
2254 768 770 771 
2255 1424 1275 2351 
2256 298 130 2522 
2257 811 812 813 
2258 1329 1472 1473 
2259 2408 2410 2430 
2260 43 251 2521 
2261 1773 3108 3560 
2262 1294 678 1295 
2263 834 1031 1032 
2264 2619 1976 3131 
2265 2060 2250 2251 
2266 919 2645 2833 
2267 361 362 363 
2268 981 1170 2404 
2269 872 873 876 
2270 2614 751 2814 
2271 1302 1303 1406 
2272 779 1551 2314 
2273 450 452 454 
2274 30 265 2345 
2275 1392 1264 1394 
2276 1043 903 1044 
2277 2537 286 2627 
2278 1475 1512 1513 
2279 667 668 678 
2280 2420 2427 2429 
2281 1299 2470 2471 
2282 2381 2192 3281 
2283 2199 307 3201 
2284 261 2454 2455 
2285 2338 2339 2340 
2286 1625 1624 2014 
2287 689 2979 3007 
2288 432 437 438 
2289 571 558 2983 
2290 2473 2055 3396 
2291 1107 1105 1129 
2292 1717 2039 2951 
2293 1352 1403 1404 
2294 985 983 1102 
2295 1548 348 2387 
2296 1032 1310 1311 
2297 534 535 536 
2298 1172 1175 2564 
2299 435 1415 1822 
2300 2412 2414 2425 
2301 1316 1318 2648 
2302 761 708 762 
2303 2023 2022 2228 
2304 2416 2418 2423 
2305 228 514 2099 
2306 744 746 834 
2307 1678 2589 3027 
2308 1066 1067 1156 
2309 2060 1837 2250 
2310 972 1301 1302 
2311 658 660 2571 
2312 529 230 2270 
2313 852 856 2791 
2314 1402 1936 2072 
2315 1476 1479 1588 
2316 231 529 2163 
2317 1238 1351 1352 
2318 2523 2524 2525 
2319 2036 1556 2057 
2320 1160 1161 1253 
2321 2374 2609 3048 
2322 852 851 855 
2323 527 528 1808 
2324 2700 2701 2982 
2325 1183 1184 1185 
2326 2087 2089 2090 
2327 1617 1615 1956 
2328 1796 1814 1815 
2329 1289 817 2561 
2330 2664 1869 3092 
2331 813 814 815 
2332 1304 1302 2551 
2333 1596 1536 1614 
2334 1151 1083 1152 
2335 493 1283 2610 
2336 1476 1389 1479 
2337 2484 260 2757 
2338 1555 1376 1556 
2339 1404 1586 1587 
2340 2529 297 2672 
2341 804 806 807 
2342 1844 2791 3047 
2343 2255 1649 2256 
2344 2580 1745 2581 
2345 831 1281 1542 
2346 2164 2050 2165 
2347 1170 2431 2432 
2348 1559 1557 2557 
2349 1470 1948 2758 
2350 2202 440 2203 
2351 2035 2034 2065 
2352 2475 290 3550 
2353 2523 252 2524 
2354 968 969 970 
2355 1074 1001 2570 
2356 2458 2455 2644 
2357 651 653 1299 
2358 1127 1125 2516 
2359 224 517 2162 
2360 838 2375 2654 
2361 1181 1182 1183 
2362 655 658 666 
2363 1487 1486 1537 
2364 975 976 1062 
2365 465 466 467 
2366 1344 1553 2705 
2367 297 134 2672 
2368 30 31 265 
2369 118 119 266 
2370 1125 1111 1665 
2371 2198 1559 2557 
2372 714 716 1402 
2373 545 546 547 
2374 807 825 2313 
2375 744 745 746 
2376 2465 991 2550 
2377 32 33 285 
2378 120 121 286 
2379 1077 1078 1171 
2380 28 29 287 
2381 116 117 289 
2382 2635 2516 2742 
2383 1185 1186 1187 
2384 1175 1176 1177 
2385 1847 1900 2083 
2386 1844 1729 2388 
2387 1407 1667 1668 
2388 1026 1027 1077 
2389 1910 1451 2922 
2390 726 728 754 
2391 26 27 261 
2392 114 115 262 
2393 35 36 263 
2394 123 124 264 
2395 1996 1994 2269 
2396 123 264 3139 
2397 1402 716 1936 
2398 1001 999 2570 
2399 1092 1344 2705 
2400 943 945 972 
2401 662 665 667 
2402 200 398 2177 
2403 389 391 392 
2404 1388 1169 1389 
2405 700 703 2697 
2406 740 1041 2693 
2407 1337 1340 2544 
2408 1531 1532 1801 
2409 405 406 407 
2410 1614 2486 2487 
2411 24 25 288 
2412 112 113 290 
2413 125 126 292 
2414 37 38 294 
2415 2604 247 2605 
2416 704 710 2696 
2417 2471 2470 3001 
2418 2743 1033 3017 
2419 1485 1272 2240 
2420 2589 1382 2960 
2421 1561 1559 2198 
2422 779 780 781 
2423 1668 2074 2075 
2424 1187 1188 1189 
2425 229 2099 2270 
2426 252 132 2527 
2427 2049 1792 2050 
2428 2068 451 3522 
2429 1919 1920 1921 
2430 856 855 857 
2431 163 275 2558 
2432 75 276 2559 
2433 73 303 2560 
2434 2033 2031 2034 
2435 341 339 342 
2436 1015 997 2466 
2437 1265 1264 1392 
2438 1791 1790 1792 
2439 1606 2544 2545 
2440 921 1020 2645 
2441 110 111 257 
2442 22 23 258 
2443 127 128 259 
2444 39 40 260 
2445 441 2394 2613 
2446 168 299 2565 
2447 80 300 2566 
2448 302 158 2567 
2449 2528 297 2529 
2450 1410 1746 2642 
2451 1266 1152 1267 
2452 349 351 352 
2453 2218 632 2825 
2454 1474 1519 1764 
2455 407 408 409 
2456 1536 1311 2485 
2457 2914 1804 3204 
2458 2472 1814 3121 
2459 251 44 2585 
2460 1299 653 2470 
2461 941 943 2595 
2462 500 501 502 
2463 752 1026 2434 
2464 693 694 837 
2465 258 2477 2478 
2466 1075 1074 1264 
2467 108 109 295 
2468 20 21 291 
2469 129 130 298 
2470 41 42 293 
2471 1388 1389 1476 
2472 2386 861 3158 
2473 1327 1503 1504 
2474 367 2396 2397 
2475 2290 1520 2777 
2476 1789 1788 1790 
2477 2600 299 2917 
2478 1189 1190 1191 
2479 2021 1563 2022 
2480 1764 1917 3137 
2481 479 481 2512 
2482 997 995 2466 
2483 191 354 2239 
2484 491 493 2610 
2485 2143 2145 2878 
2486 666 658 2571 
2487 1393 1392 1492 
2488 545 831 2568 
2489 18 19 249 
2490 106 107 250 
2491 43 44 251 
2492 131 132 252 
2493 1729 1731 2388 
2494 1368 1367 1493 
2495 938 941 2596 
2496 1596 1614 1615 
2497 1219 2997 3055 
2498 971 975 2370 
2499 1193 1195 2758 
2500 614 618 2806 
2501 1157 1160 2628 
2502 672 682 689 
2503 1995 1550 2245 
2504 2528 2529 2530 
2505 1250 1050 2661 
2506 995 993 1019 
2507 1542 2377 2378 
2508 1513 1968 2080 
2509 839 841 1271 
2510 248 155 2653 
2511 1617 1956 2384 
2512 979 964 2431 
2513 2811 1654 2834 
2514 628 634 635 
2515 2116 2117 2118 
2516 367 368 369 
2517 502 503 504 
2518 699 700 2697 
2519 1948 2304 2758 
2520 1541 1492 1788 
2521 1715 1716 1717 
2522 1406 1303 1407 
2523 1397 1267 1398 
2524 1816 2440 3401 
2525 1340 1539 1847 
2526 2486 2485 2488 
2527 467 468 469 
2528 1116 1653 2694 
2529 2128 2124 2282 
2530 165 2646 2647 
2531 1006 1009 2617 
2532 343 346 2640 
2533 2714 2715 2716 
2534 1171 1172 2564 
2535 946 949 2623 
2536 642 755 2621 
2537 667 678 1294 
2538 2849 2682 3478 
2539 9 312 2704 
2540 1569 1567 1570 
2541 319 8 2704 
2542 2700 1466 2701 
2543 534 830 2389 
2544 1877 1878 2009 
2545 2153 2154 2155 
2546 2137 2136 2138 
2547 1296 1375 1376 
2548 1294 1295 1296 
2549 2066 2065 2082 
2550 2327 2996 3509 
2551 2711 2710 2712 
2552 993 991 2465 
2553 1886 1885 2067 
2554 1191 1192 1193 
2555 461 464 465 
2556 732 734 908 
2557 1019 993 2465 
2558 1245 1337 1606 
2559 1302 1301 1303 
2560 858 857 859 
2561 648 651 2540 
2562 640 642 2621 
2563 331 183 2218 
2564 742 741 2783 
2565 309 17 2576 
2566 310 105 2577 
2567 1538 1537 1599 
2568 300 81 2651 
2569 1590 1422 1591 
2570 2632 933 2633 
2571 1432 1433 1544 
2572 504 505 506 
2573 1118 1116 2694 
2574 1089 683 2692 
2575 999 997 1015 
2576 703 704 2696 
2577 690 692 693 
2578 560 2506 2983 
2579 299 169 2649 
2580 2510 257 2670 
2581 1416 1780 1781 
2582 629 225 2162 
2583 16 309 2662 
2584 1710 1712 2597 
2585 1717 1718 1720 
2586 2759 1048 3276 
2587 895 897 898 
2588 2241 2240 2297 
2589 776 778 779 
2590 1614 1536 2485 
2591 972 945 1301 
2592 2634 2516 2635 
2593 2684 2683 2686 
2594 1168 1127 1169 
2595 2083 1900 2084 
2596 1637 1635 2554 
2597 274 2683 2684 
2598 489 491 568 
2599 1126 1125 1127 
2600 542 233 2991 
2601 958 960 961 
2602 1193 1194 1195 
2603 1491 1527 1528 
2604 952 954 957 
2605 754 728 1742 
2606 606 621 1270 
2607 747 751 2614 
2608 487 489 2641 
2609 537 539 540 
2610 2150 2152 2153 
2611 962 968 2490 
2612 1003 1001 1074 
2613 1441 1384 1678 
2614 26 261 2457 
2615 1921 1922 1923 
2616 1555 1556 1557 
2617 22 258 2479 
2618 1181 1387 2358 
2619 1062 1063 2569 
2620 358 360 361 
2621 2059 1837 2060 
2622 1437 1650 1794 
2623 1435 1437 2607 
2624 2702 1644 2894 
2625 972 1302 1304 
2626 597 596 599 
2627 413 414 415 
2628 729 732 2638 
2629 524 526 527 
2630 923 928 2632 
2631 1157 1159 1160 
2632 928 933 2632 
2633 2369 2304 3096 
2634 1519 1475 2737 
2635 166 167 253 
2636 78 79 254 
2637 163 164 275 
2638 75 76 276 
2639 161 162 301 
2640 73 74 303 
2641 159 160 255 
2642 71 72 256 
2643 1665 2547 2548 
2644 2299 460 2301 
2645 589 583 590 
2646 1636 1635 1637 
2647 1295 678 1300 
2648 1063 1065 1066 
2649 1178 1180 1181 
2650 2408 2409 2410 
2651 593 592 594 
2652 2977 2545 3013 
2653 2372 1544 2373 
2654 361 1845 2321 
2655 1053 688 1247 
2656 1712 1714 1715 
2657 246 172 2603 
2658 66 247 2604 
2659 168 169 299 
2660 80 81 300 
2661 69 70 304 
2662 157 158 302 
2663 607 605 608 
2664 1606 1337 2544 
2665 1836 1835 1837 
2666 746 747 2614 
2667 2610 1283 2611 
2668 667 665 668 
2669 443 439 444 
2670 580 576 581 
2671 423 206 2216 
2672 1014 1245 2617 
2673 531 533 534 
2674 237 549 2200 
2675 926 924 1307 
2676 1609 2024 2698 
2677 1497 1250 2661 
2678 232 2163 2991 
2679 369 370 371 
2680 541 544 545 
2681 2683 308 2686 
2682 2626 2700 3053 
2683 469 470 471 
2684 83 84 245 
2685 171 172 246 
2686 66 67 247 
2687 154 155 248 
2688 2170 2169 2171 
2689 1634 1633 1635 
2690 980 979 981 
2691 1018 2811 2834 
2692 1468 1671 1857 
2693 1668 1667 2046 
2694 1582 1062 2569 
2695 2193 2191 2194 
2696 1229 1228 1230 
2697 2649 170 2650 
2698 1893 1354 2880 
2699 1274 1424 1478 
2700 397 400 401 
2701 781 782 783 
2702 853 2361 2555 
2703 1124 1111 1125 
2704 696 698 699 
2705 1195 1196 1197 
2706 971 974 975 
2707 1568 1620 1621 
2708 905 1057 1058 
2709 500 2435 2436 
2710 1322 1324 1432 
2711 1127 2516 2634 
2712 1847 1539 1900 
2713 962 967 968 
2714 880 881 882 
2715 1172 1174 1175 
2716 1306 1585 2243 
2717 666 2572 3001 
2718 2451 1242 3335 
2719 149 150 2687 
2720 402 404 405 
2721 2640 1573 3187 
2722 815 816 817 
2723 1835 1497 2661 
2724 949 952 2879 
2725 1447 1400 1448 
2726 393 395 396 
2727 739 742 744 
2728 739 744 2438 
2729 2373 1544 2374 
2730 711 714 2556 
2731 1775 2513 3410 
2732 1143 1466 2699 
2733 149 2687 2690 
2734 572 570 573 
2735 1500 1285 2900 
2736 1243 1169 1388 
2737 2352 2353 3121 
2738 1414 1640 1641 
2739 1720 1721 1722 
2740 1553 1552 1980 
2741 553 555 556 
2742 1342 1207 2995 
2743 730 2990 3035 
2744 1433 1435 2609 
2745 941 2595 2596 
2746 1644 2372 2894 
2747 2709 2710 2711 
2748 689 690 2631 
2749 714 715 716 
2750 752 1025 1026 
2751 2009 2010 2011 
2752 1606 2546 2617 
2753 285 33 2331 
2754 291 2481 2482 
2755 747 749 751 
2756 700 702 703 
2757 690 693 2631 
2758 506 507 508 
2759 1585 1882 2706 
2760 635 674 675 
2761 1111 1017 2547 
2762 1638 1637 1639 
2763 1885 1439 2620 
2764 2714 279 2715 
2765 2250 1837 2866 
2766 600 599 604 
2767 672 689 3007 
2768 1431 2624 2625 
2769 2410 2411 2412 
2770 1968 2081 3440 
2771 1904 1430 2227 
2772 308 153 2606 
2773 982 981 983 
2774 900 904 905 
2775 371 372 373 
2776 704 706 710 
2777 1875 1976 2619 
2778 1222 1216 2756 
2779 156 157 2652 
2780 343 342 344 
2781 1802 1959 1960 
2782 1649 1869 2664 
2783 1310 1031 1594 
2784 497 499 500 
2785 845 847 848 
2786 1500 2900 2901 
2787 210 440 2202 
2788 165 166 2646 
2789 1600 1599 1887 
2790 438 437 439 
2791 2388 893 2791 
2792 2022 1563 2532 
2793 31 32 323 
2794 119 120 2441 
2795 1947 2309 2310 
2796 882 883 884 
2797 1432 1324 1433 
2798 1432 2372 2648 
2799 1683 1682 1684 
2800 449 448 450 
2801 471 472 473 
2802 364 366 367 
2803 1882 1584 2538 
2804 27 28 2453 
2805 2246 2245 2248 
2806 305 86 2674 
2807 306 174 2675 
2808 115 116 2459 
2809 1724 1726 2776 
2810 170 171 2650 
2811 2233 1424 2351 
2812 124 125 2468 
2813 1245 1606 2617 
2814 1755 1915 2822 
2815 2885 837 2965 
2816 493 495 1283 
2817 638 640 1244 
2818 1257 1259 2859 
2819 2316 1372 3349 
2820 1318 1322 2648 
2821 800 1566 2288 
2822 1528 1608 1609 
2823 508 509 510 
2824 1331 1150 1431 
2825 1292 1055 1367 
2826 2412 2413 2414 
2827 111 112 2475 
2828 23 24 2476 
2829 1320 1089 2692 
2830 823 1048 2759 
2831 1768 1591 1769 
2832 1435 2607 2609 
2833 373 375 376 
2834 1834 1497 1835 
2835 556 557 558 
2836 853 846 854 
2837 38 39 2484 
2838 1954 3198 3223 
2839 783 784 785 
2840 109 110 2509 
2841 40 41 2511 
2842 2043 2396 3357 
2843 1227 1225 1228 
2844 1976 1977 2467 
2845 651 652 653 
2846 2123 2124 2125 
2847 1170 979 2431 
2848 447 446 448 
2849 1794 1650 1988 
2850 2516 1665 2742 
2851 877 879 880 
2852 689 2631 2979 
2853 978 964 979 
2854 1275 1263 1328 
2855 711 713 714 
2856 1633 1320 2692 
2857 860 859 861 
2858 1746 1747 1874 
2859 447 1534 2534 
2860 817 818 819 
2861 2172 2171 2173 
2862 42 43 2521 
2863 118 266 2630 
2864 371 373 2904 
2865 130 131 2522 
2866 1150 1148 2624 
2867 800 799 801 
2868 1835 2661 2866 
2869 1249 1468 2693 
2870 1869 1579 2273 
2871 2194 2191 2197 
2872 675 679 680 
2873 292 2061 3567 
2874 1030 1090 2702 
2875 415 416 417 
2876 410 412 413 
2877 2021 2022 2023 
2878 1332 1410 2642 
2879 842 840 1268 
2880 47 269 2663 
2881 884 885 886 
2882 2363 2134 2364 
2883 1478 1643 1966 
2884 2079 1812 3063 
2885 1865 1637 2554 
2886 550 552 553 
2887 984 983 985 
2888 1874 1875 2619 
2889 1584 613 2044 
2890 2452 553 2785 
2891 1410 1744 1746 
2892 590 593 2976 
2893 473 474 475 
2894 2545 2544 3025 
2895 2068 1642 2069 
2896 2086 1769 2087 
2897 651 1299 2540 
2898 2713 2714 2716 
2899 510 512 513 
2900 1722 1723 1724 
2901 1506 1320 1633 
2902 353 356 2587 
2903 2473 2379 3490 
2904 1571 1570 1572 
2905 2752 284 3177 
2906 1231 1230 1232 
2907 1201 1202 1203 
2908 1606 2545 2546 
2909 2709 2708 2710 
2910 1633 2692 2869 
2911 1884 1439 1885 
2912 205 631 2216 
2913 1584 2044 2538 
2914 819 820 821 
2915 1535 1311 1536 
2916 17 18 2576 
2917 105 106 2577 
2918 961 2491 2492 
2919 957 954 958 
2920 1348 1288 1442 
2921 2414 2415 2416 
2922 1058 1104 1105 
2923 1338 1649 2255 
2924 1531 1293 1532 
2925 614 608 615 
2926 921 923 1020 
2927 1904 2227 2655 
2928 1888 1887 1889 
2929 919 921 2645 
2930 2432 2431 2433 
2931 653 654 655 
2932 1026 1804 2434 
2933 642 644 755 
2934 2658 301 3312 
2935 1432 1544 2372 
2936 618 615 619 
2937 16 17 309 
2938 104 105 310 
2939 45 46 296 
2940 133 134 297 
2941 624 619 625 
2942 785 786 787 
2943 1960 3220 3239 
2944 1658 3242 3359 
2945 2672 270 2673 
2946 928 932 933 
2947 1322 1432 2648 
2948 536 537 2375 
2949 456 455 457 
2950 1431 1150 2624 
2951 162 163 2558 
2952 74 75 2559 
2953 72 73 2560 
2954 2125 2126 2127 
2955 167 168 2565 
2956 79 80 2566 
2957 158 159 2567 
2958 2688 2685 2689 
2959 1923 1924 2220 
2960 1533 1351 2253 
2961 2370 1581 2543 
2962 689 682 690 
2963 771 770 772 
2964 346 344 347 
2965 1238 1352 2665 
2966 1737 1684 1738 
2967 1681 1679 1682 
2968 567 2398 2750 
2969 1203 1204 1205 
2970 1479 1389 1666 
2971 164 165 2647 
2972 417 419 420 
2973 773 772 774 
2974 2625 2624 2626 
2975 376 377 378 
2976 1475 1473 1512 
2977 276 76 2671 
2978 2531 1735 3205 
2979 744 742 745 
2980 1501 1448 1502 
2981 558 559 560 
2982 1581 1583 2543 
2983 2090 1069 3583 
2984 838 536 2375 
2985 1609 1610 1611 
2986 1556 1376 2553 
2987 438 759 2305 
2988 2472 795 3184 
2989 746 745 747 
2990 862 861 863 
2991 655 657 658 
2992 274 2684 2685 
2993 2091 2090 2092 
2994 714 1402 2556 
2995 970 969 971 
2996 1949 1572 1950 
2997 775 774 776 
2998 3096 2304 3389 
2999 1075 1264 1265 
3000 1156 1157 2628 
3001 1076 785 3082 
3002 975 1581 2370 
3003 961 960 962 
3004 454 452 455 
3005 955 1042 2733 
3006 986 985 987 
3007 1652 1451 1910 
3008 968 967 969 
3009 161 301 2658 
3010 1288 1118 2694 
3011 1847 2083 3025 
3012 155 156 2653 
3013 410 413 2718 
3014 1110 1017 1111 
3015 1826 2355 3418 
3016 658 659 660 
3017 153 154 2606 
3018 1245 1246 1337 
3019 273 63 2676 
3020 274 151 2683 
3021 1875 1975 1976 
3022 296 46 2663 
3023 513 515 516 
3024 1090 1314 2702 
3025 1257 1256 1258 
3026 458 457 459 
3027 420 421 422 
3028 1198 1200 1201 
3029 2416 2417 2418 
3030 5 632 2218 
3031 1003 1074 1075 
3032 1337 1339 1340 
3033 1369 1893 2707 
3034 1792 1790 2747 
3035 1755 1758 1915 
3036 660 661 662 
3037 1307 2798 2799 
3038 848 849 850 
3039 1039 1037 2734 
3040 85 86 305 
3041 173 174 306 
3042 64 65 307 
3043 152 153 308 
3044 1265 1392 1393 
3045 1616 1615 1617 
3046 2011 2030 2031 
3047 2448 2445 2449 
3048 893 852 2791 
3049 626 625 627 
3050 1595 1536 1596 
3051 1665 1111 2547 
3052 1255 1254 1256 
3053 1853 1852 1854 
3054 2433 1307 3246 
3055 1259 1258 1262 
3056 1675 1377 1676 
3057 13 2708 2709 
3058 648 650 651 
3059 1205 1206 1207 
3060 44 45 2585 
3061 975 974 976 
3062 378 379 380 
3063 348 347 349 
3064 1062 976 1063 
3065 426 202 3049 
3066 278 2709 2711 
3067 2166 2169 2170 
3068 1269 1549 1573 
3069 81 82 2651 
3070 1731 1798 2643 
3071 2418 2419 2420 
3072 422 424 425 
3073 50 279 2714 
3074 1724 1725 1726 
3075 2143 2142 2144 
3076 1066 1065 1067 
3077 475 476 477 
3078 1145 1143 2699 
3079 1156 1067 1157 
3080 2457 2455 2458 
3081 169 170 2649 
3082 941 942 943 
3083 717 719 720 
3084 560 562 563 
3085 1468 1857 2693 
3086 269 48 2713 
3087 3117 2232 3202 
3088 1992 1854 1993 
3089 516 518 519 
3090 943 944 945 
3091 699 698 700 
3092 352 351 353 
3093 277 100 2744 
3094 1077 1027 1078 
3095 1329 1328 1472 
3096 1135 1422 1590 
3097 1442 1288 2694 
3098 2184 2182 3259 
3099 2693 1857 2925 
3100 807 806 808 
3101 1393 1492 1541 
3102 693 692 694 
3103 934 936 937 
3104 14 268 2708 
3105 64 307 2676 
3106 152 308 2683 
3107 2408 1394 2409 
3108 864 863 865 
3109 380 382 383 
3110 968 1092 2490 
3111 2023 2228 3203 
3112 1314 1644 2702 
3113 2145 2144 2146 
3114 460 459 461 
3115 703 702 704 
3116 2420 2421 2427 
3117 1621 1622 1623 
3118 2680 2679 2681 
3119 268 15 2662 
3120 1253 1161 1254 
3121 2285 2144 3165 
3122 924 915 2798 
3123 1340 1391 1539 
3124 1042 1336 2733 
3125 1611 1612 1613 
3126 886 887 888 
3127 751 749 752 
3128 362 360 2771 
3129 1369 1354 1893 
3130 1233 1232 1234 
3131 2149 2146 2150 
3132 710 706 711 
3133 685 686 687 
3134 172 173 2603 
3135 65 66 2604 
3136 48 49 2713 
3137 1207 1208 1209 
3138 1795 1738 1796 
3139 1789 1790 1791 
3140 1541 1788 1789 
3141 1171 1078 1172 
3142 1801 1532 1802 
3143 724 725 726 
3144 2536 1678 3027 
3145 2504 1686 3026 
3146 1148 1145 2699 
3147 1791 1792 2049 
3148 365 362 2771 
3149 726 727 728 
3150 2798 1736 2799 
3151 1433 1434 1435 
3152 609 2269 3466 
3153 1026 1025 1027 
3154 2594 2540 3062 
3155 2049 2050 2164 
3156 2479 2478 2480 
3157 2318 629 2598 
3158 361 360 362 
3159 821 822 823 
3160 1322 1323 1324 
3161 519 521 522 
3162 1124 1125 1126 
3163 425 428 429 
3164 15 16 2662 
3165 134 135 2672 
3166 1273 1486 1487 
3167 1468 1530 1671 
3168 1620 1569 3164 
3169 1685 1682 2536 
3170 688 622 2845 
3171 117 118 2630 
3172 201 2177 3049 
3173 1160 1159 1161 
3174 2247 2871 3385 
3175 744 834 2438 
3176 2713 49 2714 
3177 363 362 364 
3178 13 14 2708 
3179 949 951 952 
3180 383 385 386 
3181 716 717 2602 
3182 1836 1837 2059 
3183 1493 1994 1996 
3184 1052 1054 2816 
3185 2548 2547 2549 
3186 1264 1074 2823 
3187 1554 1376 1555 
3188 2341 2340 2342 
3189 2605 247 3218 
3190 1126 1127 1168 
3191 87 271 2674 
3192 175 272 2675 
3193 418 2384 3463 
3194 1314 1316 1644 
3195 1791 2264 2844 
3196 868 854 869 
3197 1746 1874 2703 
3198 1114 1039 2734 
3199 1834 1835 1836 
3200 1177 1176 1178 
3201 850 851 852 
3202 1014 1100 1245 
3203 2399 2400 3505 
3204 1407 1593 1667 
3205 938 940 941 
3206 1696 1222 2756 
3207 1318 1321 1322 
3208 1168 1169 1243 
3209 3238 1533 3523 
3210 1634 1635 1636 
3211 1416 1781 3487 
3212 1691 1879 2743 
3213 1336 1507 1891 
3214 2230 2229 2231 
3215 1107 1129 1130 
3216 2302 2301 2320 
3217 714 713 715 
3218 1435 1436 1437 
3219 86 87 2674 
3220 174 175 2675 
3221 3198 2287 3223 
3222 1671 2002 2003 
3223 2281 2022 2532 
3224 662 664 665 
3225 2728 313 3355 
3226 1746 1744 1747 
3227 135 270 2672 
3228 2872 2623 2879 
3229 1493 1996 2620 
3230 1175 1174 1176 
3231 2727 1928 2728 
3232 888 890 891 
3233 990 988 991 
3234 1016 1109 2761 
3235 477 478 479 
3236 992 991 993 
3237 2687 2685 2688 
3238 1183 1182 1184 
3239 1851 1696 1852 
3240 756 1332 2783 
3241 1116 1114 1653 
3242 732 733 734 
3243 1506 1633 1634 
3244 1603 1525 1604 
3245 1249 1366 1468 
3246 1936 716 2602 
3247 716 715 717 
3248 1279 1029 2739 
3249 1613 1647 2063 
3250 1147 1145 1148 
3251 150 274 2687 
3252 668 669 670 
3253 76 77 2671 
3254 1380 1460 1984 
3255 160 161 2658 
3256 1513 1512 1968 
3257 1726 1727 1729 
3258 500 499 501 
3259 1691 1693 1879 
3260 270 136 2717 
3261 1149 1148 1150 
3262 721 723 724 
3263 1280 547 2452 
3264 1198 1201 2740 
3265 1143 1141 1466 
3266 1344 1552 1553 
3267 978 979 980 
3268 2703 1874 3073 
3269 1856 2858 3309 
3270 2700 2982 3004 
3271 540 539 541 
3272 734 736 737 
3273 534 533 535 
3274 1437 1564 1650 
3275 272 176 2720 
3276 1890 1889 2612 
3277 809 808 810 
3278 1110 1111 1124 
3279 1558 1557 1559 
3280 2420 2429 3031 
3281 980 981 982 
3282 392 391 393 
3283 2410 2409 2411 
3284 781 783 2736 
3285 1330 1150 1331 
3286 946 948 949 
3287 567 2750 2751 
3288 2423 2418 3031 
3289 2098 2737 3063 
3290 1185 1184 1186 
3291 2497 2496 2498 
3292 1874 1747 1875 
3293 545 544 546 
3294 1636 1637 1638 
3295 2108 2107 2109 
3296 994 993 995 
3297 1181 1180 1182 
3298 278 12 2709 
3299 2645 1020 3221 
3300 1498 1331 1740 
3301 1130 1131 1132 
3302 176 177 2720 
3303 386 388 389 
3304 12 13 2709 
3305 1782 1783 1784 
3306 872 869 873 
3307 787 788 789 
3308 136 137 2717 
3309 835 2327 3521 
3310 317 2725 2726 
3311 2268 1217 3127 
3312 685 687 2820 
3313 317 2726 2727 
3314 1761 1740 2037 
3315 527 526 528 
3316 2110 2109 2111 
3317 547 550 2452 
3318 687 707 708 
3319 536 535 537 
3320 1816 1815 1817 
3321 2189 2505 3394 
3322 46 47 2663 
3323 2100 514 2793 
3324 2106 2104 2107 
3325 1347 1288 1348 
3326 367 366 368 
3327 271 88 2719 
3328 1976 1975 1977 
3329 1515 1279 2739 
3330 1336 1891 2733 
3331 729 731 732 
3332 502 501 503 
3333 1571 1951 3164 
3334 1491 1282 1527 
3335 532 530 2817 
3336 2234 2552 3337 
3337 14 15 268 
3338 102 103 267 
3339 47 48 269 
3340 135 136 270 
3341 1032 1311 1535 
3342 1209 1210 1211 
3343 1653 1114 2734 
3344 996 995 997 
3345 1319 1317 2763 
3346 2412 2411 2413 
3347 49 50 2714 
3348 63 64 2676 
3349 151 152 2683 
3350 504 503 505 
3351 1187 1186 1188 
3352 236 235 3172 
3353 2583 2584 2744 
3354 479 480 481 
3355 1715 1714 1716 
3356 2528 2530 3488 
3357 88 89 2719 
3358 1416 1108 1780 
3359 1590 1591 1768 
3360 2176 331 2967 
3361 1494 2530 3439 
3362 1287 1118 1288 
3363 982 983 984 
3364 866 865 867 
3365 823 1047 1048 
3366 670 671 672 
3367 1872 2912 2927 
3368 87 88 271 
3369 175 176 272 
3370 62 63 273 
3371 150 151 274 
3372 401 400 402 
3373 465 464 466 
3374 933 932 934 
3375 2490 1092 2705 
3376 811 810 812 
3377 405 404 406 
3378 390 388 2805 
3379 1117 1240 2760 
3380 852 855 856 
3381 1189 1188 1190 
3382 1638 1639 2096 
3383 1623 1624 1625 
3384 1487 1537 1538 
3385 651 650 652 
3386 1533 2266 3523 
3387 264 2468 2913 
3388 1717 1716 1718 
3389 103 104 2748 
3390 1560 1559 1561 
3391 628 627 634 
3392 1708 1710 2961 
3393 1243 1388 1390 
3394 1441 1678 1679 
3395 1211 1212 1213 
3396 99 277 2722 
3397 280 139 2724 
3398 396 395 397 
3399 2101 2103 2129 
3400 1109 1419 2761 
3401 52 313 2723 
3402 952 953 954 
3403 2057 1556 2553 
3404 99 100 277 
3405 11 12 278 
3406 50 51 279 
3407 138 139 280 
3408 279 51 2723 
3409 311 98 2722 
3410 140 314 2724 
3411 97 311 2730 
3412 314 141 2732 
3413 98 99 2722 
3414 139 140 2724 
3415 317 58 2725 
3416 316 146 2729 
3417 90 91 281 
3418 178 179 282 
3419 59 60 283 
3420 147 148 284 
3421 59 283 2725 
3422 147 284 2729 
3423 97 98 311 
3424 140 141 314 
3425 52 53 313 
3426 9 10 312 
3427 51 52 2723 
3428 2542 1817 3184 
3429 779 778 780 
3430 2023 3203 3266 
3431 320 96 2730 
3432 142 322 2732 
3433 96 97 2730 
3434 141 142 2732 
3435 1729 1730 1731 
3436 58 59 2725 
3437 146 147 2729 
3438 180 181 318 
3439 92 93 315 
3440 57 58 317 
3441 145 146 316 
3442 142 143 322 
3443 54 55 321 
3444 95 96 320 
3445 7 8 319 
3446 2607 2608 3048 
3447 1274 1478 2859 
3448 369 368 370 
3449 1879 1693 1880 
3450 1951 3049 3502 
3451 467 466 468 
3452 653 652 654 
3453 2104 2100 2793 
3454 2414 2413 2415 
3455 490 488 2893 
3456 2275 2872 2879 
3457 290 3320 3550 
3458 1919 1676 1920 
3459 1278 1028 2762 
3460 2371 760 3176 
3461 1419 1518 1687 
3462 2098 1519 2737 
3463 274 2685 2687 
3464 1368 1493 2620 
3465 958 959 960 
3466 1191 1190 1192 
3467 481 482 483 
3468 1358 1813 2745 
3469 1562 1561 1563 
3470 1291 1459 1908 
3471 1292 1367 1368 
3472 876 873 877 
3473 813 812 814 
3474 2087 2090 2091 
3475 1652 1910 1911 
3476 984 985 986 
3477 1605 1604 1970 
3478 2077 1785 2093 
3479 1213 1214 1215 
3480 1433 1324 1434 
3481 407 406 408 
3482 506 505 507 
3483 1132 1224 1225 
3484 1425 3044 3145 
3485 597 2574 2575 
3486 1891 1507 1967 
3487 1687 1688 1689 
3488 762 763 764 
3489 2539 1385 3024 
3490 1594 2614 2814 
3491 2549 1005 2851 
3492 1337 1246 1339 
3493 856 857 858 
3494 821 1154 3191 
3495 2739 1029 2780 
3496 413 412 414 
3497 2019 1563 2021 
3498 1596 1615 1616 
3499 737 738 739 
3500 1720 1718 1721 
3501 522 523 524 
3502 1852 1696 2756 
3503 1245 1100 1246 
3504 2223 1772 2224 
3505 409 408 410 
3506 789 790 791 
3507 1768 1769 2086 
3508 547 546 550 
3509 655 654 657 
3510 672 681 682 
3511 2469 2885 2965 
3512 2115 2111 2116 
3513 371 370 372 
3514 2990 1857 3035 
3515 891 902 903 
3516 1477 1319 2763 
3517 1947 1589 2309 
3518 483 484 485 
3519 262 2461 2464 
3520 1193 1192 1194 
3521 1322 1321 1323 
3522 1218 1694 2070 
3523 1235 1234 1236 
3524 1442 2694 2999 
3525 1340 1339 1391 
3526 998 997 999 
3527 1301 945 2623 
3528 2997 1915 3055 
3529 1044 1151 3078 
3530 1240 1489 2760 
3531 1818 1817 1819 
3532 1576 1278 2762 
3533 791 792 793 
3534 1535 1536 1595 
3535 1781 1780 2232 
3536 1677 1998 3015 
3537 553 552 555 
3538 1195 1470 2758 
3539 658 657 659 
3540 660 659 661 
3541 900 905 2738 
3542 1407 1303 1593 
3543 258 2478 2479 
3544 1514 1279 1515 
3545 1048 1285 1500 
3546 986 987 988 
3547 2494 304 3196 
3548 469 468 470 
3549 1378 1349 1899 
3550 870 867 871 
3551 1848 1515 1937 
3552 1671 1530 2002 
3553 1689 1690 1691 
3554 1899 1349 2907 
3555 563 569 570 
3556 508 507 509 
3557 1195 1194 1196 
3558 2416 2415 2417 
3559 1147 1148 1149 
3560 937 936 938 
3561 1356 1358 2745 
3562 1044 1045 1083 
3563 2033 2034 2035 
3564 1000 999 1001 
3565 2743 1879 3059 
3566 265 2336 2345 
3567 1468 1366 1530 
3568 1154 823 2759 
3569 373 372 375 
3570 2357 433 3103 
3571 781 780 782 
3572 1482 1369 2707 
3573 488 578 2893 
3574 754 1742 2765 
3575 1489 2025 2026 
3576 1681 1682 1683 
3577 1843 1510 1925 
3578 2179 2181 2801 
3579 945 946 2623 
3580 2687 2688 2690 
3581 2224 1772 2821 
3582 1742 728 2638 
3583 388 427 2805 
3584 1884 1885 1886 
3585 2133 2135 2136 
3586 2306 1444 3259 
3587 1287 1288 1347 
3588 1054 1291 2816 
3589 511 2430 3149 
3590 1079 1040 1770 
3591 1002 1001 1003 
3592 1820 1819 1896 
3593 1332 1409 1410 
3594 859 906 3158 
3595 1512 1473 2890 
3596 510 509 512 
3597 1538 1599 1600 
3598 2280 2066 3136 
3599 720 719 721 
3600 261 2455 2457 
3601 1197 1196 1198 
3602 2573 1294 2863 
3603 2186 2185 2187 
3604 2680 2681 2682 
3605 1521 1086 3012 
3606 962 966 967 
3607 1358 1426 1813 
3608 2641 568 2800 
3609 2418 2417 2419 
3610 2698 2056 3566 
3611 1461 1165 1759 
3612 1038 1112 1751 
3613 941 940 942 
3614 1410 1743 1744 
3615 1689 1691 2743 
3616 1722 1721 1723 
3617 3546 2975 3580 
3618 739 741 742 
3619 1435 1434 1436 
3620 1528 1527 1608 
3621 1988 1650 2669 
3622 485 486 487 
3623 2334 1966 3294 
3624 2603 306 2865 
3625 1539 1391 1540 
3626 943 942 944 
3627 1149 1150 1330 
3628 1090 1313 1314 
3629 1546 1933 1934 
3630 471 470 472 
3631 945 944 946 
3632 1356 2745 2854 
3633 1926 1477 1927 
3634 1672 1673 1674 
3635 635 634 674 
3636 2443 2445 2448 
3637 325 285 2331 
3638 2001 2588 3453 
3639 2130 2132 2133 
3640 2580 2581 2582 
3641 2409 1394 2823 
3642 700 701 702 
3643 2762 1028 2796 
3644 1308 1035 2773 
3645 1296 1376 1554 
3646 2726 2725 2849 
3647 1616 1617 1985 
3648 1691 1692 1693 
3649 793 796 797 
3650 573 575 576 
3651 62 273 2819 
3652 1330 1331 1498 
3653 429 431 432 
3654 728 729 2638 
3655 1374 1098 2766 
3656 1731 1732 1798 
3657 389 390 391 
3658 376 375 377 
3659 1921 1920 1922 
3660 329 327 1517 
3661 1683 1684 1737 
3662 3140 2510 3233 
3663 2737 2079 3063 
3664 690 691 692 
3665 1437 1436 1564 
3666 1498 1740 1761 
3667 2692 683 2888 
3668 894 871 895 
3669 990 991 992 
3670 704 705 706 
3671 949 948 951 
3672 2288 1566 2941 
3673 756 1139 1332 
3674 2608 1794 3075 
3675 1646 2040 2041 
3676 764 765 766 
3677 1687 1518 1688 
3678 2524 252 2527 
3679 267 103 2748 
3680 1980 3420 3582 
3681 747 748 749 
3682 771 773 3086 
3683 581 582 583 
3684 1659 1660 1661 
3685 2377 1490 3490 
3686 1547 1251 1645 
3687 724 723 725 
3688 260 2511 3157 
3689 913 911 1736 
3690 1429 1983 2948 
3691 2170 2171 2172 
3692 2040 1785 2077 
3693 2094 2093 3045 
3694 556 555 557 
3695 952 951 953 
3696 1726 1844 2776 
3697 696 697 698 
3698 711 712 713 
3699 334 332 750 
3700 1415 1670 3141 
3701 662 661 664 
3702 694 695 696 
3703 1546 1934 2810 
3704 409 410 2718 
3705 2382 1739 2807 
3706 2495 2496 2497 
3707 1689 1688 1690 
3708 668 665 669 
3709 728 727 729 
3710 858 859 860 
3711 726 725 727 
3712 2420 2419 2421 
3713 1153 1421 1672 
3714 1646 1645 1785 
3715 623 637 638 
3716 1761 2037 2038 
3717 473 472 474 
3718 1239 1701 2841 
3719 1646 1785 2040 
3720 2427 2421 2428 
3721 2425 2414 3070 
3722 415 414 416 
3723 2735 1607 3206 
3724 1650 1564 1752 
3725 1140 757 1141 
3726 594 595 596 
3727 1347 1348 1510 
3728 1146 1145 1147 
3729 1862 1762 1942 
3730 513 512 515 
3731 1094 1361 1763 
3732 925 924 926 
3733 1691 1690 1692 
3734 2661 1050 2897 
3735 1333 1495 1777 
3736 971 973 974 
3737 590 591 592 
3738 909 2770 2804 
3739 2247 3385 3432 
3740 1478 2334 2859 
3741 1203 1202 1204 
3742 1201 1200 1202 
3743 1600 1887 1888 
3744 1929 1896 2042 
3745 732 731 733 
3746 1555 1557 1558 
3747 1915 1758 1916 
3748 1010 1007 1011 
3749 1373 1601 1602 
3750 558 557 559 
3751 815 814 816 
3752 1575 1278 1576 
3753 766 767 768 
3754 1650 1752 2669 
3755 1724 1723 1725 
3756 436 431 2856 
3757 2416 2423 3070 
3758 1237 1236 1238 
3759 1299 2471 3062 
3760 1914 1648 1991 
3761 783 782 784 
3762 2912 1070 2927 
3763 992 993 994 
3764 1113 1039 1114 
3765 1471 1733 1826 
3766 1567 1565 2592 
3767 1240 1334 1489 
3768 1770 1040 2789 
3769 734 733 736 
3770 1419 1687 2761 
3771 1693 1692 1901 
3772 1901 1692 1902 
3773 1117 1116 1118 
3774 603 611 1618 
3775 1332 2642 2783 
3776 1120 1405 1659 
3777 1547 1645 1646 
3778 1833 1497 1834 
3779 2035 2065 2066 
3780 378 377 379 
3781 1499 1334 1648 
3782 1628 1627 1762 
3783 1099 904 3213 
3784 1568 1621 2941 
3785 1875 1974 1975 
3786 475 474 476 
3787 1496 1250 1497 
3788 1664 1663 1944 
3789 1880 1693 2752 
3790 928 931 932 
3791 752 1024 1025 
3792 1828 1418 2803 
3793 1227 1228 1229 
3794 1205 1204 1206 
3795 516 515 518 
3796 1627 1374 2766 
3797 1016 1011 1017 
3798 2397 2396 3336 
3799 439 437 2867 
3800 1115 1114 1116 
3801 2438 834 2860 
3802 675 674 679 
3803 911 532 2817 
3804 994 995 996 
3805 958 954 959 
3806 1632 1308 2773 
3807 1759 1165 2790 
3808 1648 2784 2836 
3809 2026 2025 2666 
3810 1051 1284 1707 
3811 1240 1118 1287 
3812 1489 1499 2025 
3813 1499 1648 1914 
3814 1144 1143 1145 
3815 1626 1374 1627 
3816 1854 1852 3069 
3817 880 879 881 
3818 836 1413 1677 
3819 1314 1315 1316 
3820 1495 1477 1926 
3821 1489 2026 2760 
3822 917 915 924 
3823 1677 1741 1998 
3824 1207 1206 1208 
3825 1333 1319 1477 
3826 1395 1095 1663 
3827 1609 1608 1610 
3828 2338 2340 2341 
3829 2354 1685 2536 
3830 1038 1751 2786 
3831 737 736 738 
3832 923 927 928 
3833 380 379 382 
3834 1197 1198 2740 
3835 1153 1672 2919 
3836 929 926 930 
3837 2093 1785 2837 
3838 785 784 786 
3839 1654 1101 2834 
3840 1488 1630 1953 
3841 1495 1926 1928 
3842 2153 2152 2154 
3843 1318 1319 1321 
3844 1109 1017 1110 
3845 1285 1471 2900 
3846 417 416 419 
3847 638 639 640 
3848 383 382 385 
3849 921 922 923 
3850 1336 1401 1507 
3851 2551 1873 3278 
3852 1505 1320 1506 
3853 560 559 562 
3854 2794 1427 2837 
3855 605 604 2552 
3856 444 445 446 
3857 2510 2670 3534 
3858 1645 2794 2837 
3859 337 334 2695 
3860 1063 1064 1065 
3861 1240 1287 1334 
3862 519 518 521 
3863 1876 1587 1877 
3864 1009 1012 1014 
3865 1307 924 2798 
3866 1142 1141 1143 
3867 1489 1334 1499 
3868 1333 1477 1495 
3869 1642 1578 2656 
3870 2183 2185 2186 
3871 613 353 2587 
3872 1802 1803 1959 
3873 670 669 671 
3874 1146 1147 1251 
3875 1853 1854 1992 
3876 1842 1510 1843 
3877 1924 1922 2971 
3878 1913 1423 1940 
3879 919 920 921 
3880 685 680 686 
3881 298 2531 3205 
3882 2717 137 2938 
3883 2625 3303 3362 
3884 1522 1525 1603 
3885 2155 2154 2896 
3886 1667 1593 1787 
3887 899 898 900 
3888 1851 1852 1853 
3889 2402 2212 3537 
3890 2436 2435 3391 
3891 3433 1309 3493 
3892 2591 1960 3002 
3893 1514 1515 1848 
3894 1155 1445 1488 
3895 640 641 642 
3896 1927 1477 2763 
3897 1144 1145 1146 
3898 1631 1308 1632 
3899 717 718 719 
3900 1146 1251 1546 
3901 882 881 883 
3902 1312 1089 1320 
3903 1042 1335 1336 
3904 860 861 862 
3905 1316 1317 1318 
3906 2509 2510 3140 
3907 963 930 964 
3908 420 419 421 
3909 1041 1248 1249 
3910 1879 1880 2774 
3911 916 918 919 
3912 909 1155 2770 
3913 1546 1251 1547 
3914 1546 1547 1933 
3915 522 521 523 
3916 962 960 966 
3917 422 421 424 
3918 1693 1901 2752 
3919 610 602 1629 
3920 1737 1738 1795 
3921 2305 759 2931 
3922 1419 1469 1518 
3923 1469 1418 1828 
3924 854 846 2932 
3925 1321 1319 1333 
3926 977 964 978 
3927 1117 1118 1240 
3928 912 914 1362 
3929 1115 1116 1117 
3930 1888 1889 1890 
3931 445 439 2867 
3932 1239 1698 1701 
3933 2657 2316 3533 
3934 642 643 644 
3935 1690 1688 1909 
3936 1229 1230 1231 
3937 1648 1334 2784 
3938 1398 1399 1400 
3939 2119 2118 2120 
3940 1086 685 2820 
3941 1014 1021 1100 
3942 1992 1993 2028 
3943 1149 1330 1427 
3944 840 838 2654 
3945 1948 2303 2304 
3946 1611 1610 1612 
3947 934 935 936 
3948 910 912 2778 
3949 1209 1208 1210 
3950 2426 2409 2823 
3951 1659 1661 2992 
3952 801 803 804 
3953 2784 1842 2836 
3954 425 424 428 
3955 1172 1173 1174 
3956 1249 1343 1366 
3957 353 355 356 
3958 950 947 1465 
3959 1558 1559 1560 
3960 432 436 437 
3961 2999 1653 3006 
3962 1796 1815 1816 
3963 1347 1510 1842 
3964 1417 1133 1526 
3965 2341 2342 2343 
3966 646 647 648 
3967 884 883 885 
3968 747 745 748 
3969 1103 1574 1930 
3970 2188 2187 2189 
3971 1157 1158 1159 
3972 1314 1313 1315 
3973 1875 1747 1974 
3974 996 997 998 
3975 1967 1507 2755 
3976 1655 1654 1656 
3977 1701 1778 1779 
3978 2533 907 3422 
3979 386 385 388 
3980 477 476 478 
3981 644 645 646 
3982 487 488 489 
3983 1355 1354 1369 
3984 768 769 770 
3985 398 2257 3419 
3986 797 798 799 
3987 2247 2246 2871 
3988 349 350 351 
3989 364 365 366 
3990 1481 1369 1482 
3991 1726 1725 1727 
3992 1155 1488 2770 
3993 2467 1977 3233 
3994 1332 1139 1409 
3995 796 792 2960 
3996 739 738 741 
3997 1923 1922 1924 
3998 563 562 569 
3999 648 649 650 
4000 2086 2087 2764 
4001 1408 1101 1654 
4002 862 863 864 
4003 1109 1418 1419 
4004 1032 1535 2860 
4005 636 622 688 
4006 479 478 480 
4007 2138 2139 2140 
4008 817 816 818 
4009 1410 1409 1743 
4010 1052 688 1053 
4011 1701 1779 3021 
4012 450 451 452 
4013 672 671 681 
4014 1744 1743 2052 
4015 1113 1114 1115 
4016 1140 1141 1142 
4017 1010 1011 1016 
4018 1075 1265 1428 
4019 1318 1317 1319 
4020 1298 1705 2887 
4021 1305 1136 1371 
4022 1293 837 2885 
4023 1560 1561 1562 
4024 1247 688 2845 
4025 524 525 526 
4026 912 1362 2778 
4027 389 388 390 
4028 623 638 2787 
4029 1166 1462 1463 
4030 1848 1937 1938 
4031 1782 1524 1783 
4032 2623 949 2879 
4033 1147 1149 2794 
4034 1213 1212 1214 
4035 711 706 712 
4036 1298 1703 1705 
4037 541 543 544 
4038 1316 1315 1317 
4039 971 969 973 
4040 828 1345 2749 
4041 704 702 705 
4042 2070 1694 2071 
4043 690 682 691 
4044 138 280 2938 
4045 1562 1563 2019 
4046 1862 1942 1969 
4047 1211 1210 1212 
4048 1518 1469 1955 
4049 828 1122 1345 
4050 2107 2104 2793 
4051 537 538 539 
4052 967 966 1097 
4053 819 818 820 
4054 1836 2059 2788 
4055 1014 1012 1021 
4056 2868 1097 2949 
4057 1021 1012 1033 
4058 1463 1464 1467 
4059 1142 1143 1144 
4060 946 947 948 
4061 652 650 656 
4062 938 939 940 
4063 1100 1021 1241 
4064 2081 1512 2890 
4065 1334 1287 2784 
4066 1252 753 1354 
4067 1813 1426 1868 
4068 717 715 718 
4069 953 1037 1038 
4070 758 328 3171 
4071 1999 3268 3284 
4072 700 698 701 
4073 1498 1761 1864 
4074 989 988 990 
4075 1287 1347 2784 
4076 1016 1017 1109 
4077 1508 1401 1912 
4078 528 530 531 
4079 1645 1251 2794 
4080 618 673 2806 
4081 1461 1759 1793 
4082 1540 1903 1997 
4083 1688 1518 2781 
4084 2470 666 3001 
4085 998 999 1000 
4086 1467 1657 1963 
4087 1027 1025 1121 
4088 1178 1179 1180 
4089 1000 1001 1002 
4090 3348 2978 3532 
4091 1315 1313 1365 
4092 954 953 2786 
4093 1628 1762 1862 
4094 1705 1894 1895 
4095 752 749 1024 
4096 1671 2003 3035 
4097 1113 1115 1346 
4098 1394 1264 2823 
4099 1613 1612 1647 
4100 950 1465 1855 
4101 1483 1343 1772 
4102 1383 1382 1384 
4103 1507 1401 1508 
4104 2345 2336 2946 
4105 2979 2088 3007 
4106 1009 1007 1010 
4107 1112 1039 1113 
4108 934 932 935 
4109 1124 1126 1443 
4110 2121 2120 2123 
4111 1440 1384 1441 
4112 325 2331 2767 
4113 481 480 482 
4114 1350 1379 1380 
4115 429 428 431 
4116 1109 1110 1418 
4117 1454 1360 2015 
4118 1626 1627 1628 
4119 729 730 731 
4120 955 939 1029 
4121 1528 2698 3566 
4122 1634 1636 1856 
4123 1975 1974 2206 
4124 497 498 499 
4125 1336 1335 1401 
4126 2237 827 3305 
4127 1729 1727 1730 
4128 1986 1772 2223 
4129 1419 1418 1469 
4130 1042 1029 1279 
4131 1651 1451 1652 
4132 1139 757 1140 
4133 1335 1279 1514 
4134 1094 1763 2813 
4135 1231 1232 1233 
4136 2430 2410 3116 
4137 1142 1144 1386 
4138 756 743 757 
4139 1009 1010 1012 
4140 1359 1357 1360 
4141 1038 1039 1112 
4142 953 951 1037 
4143 1339 1246 1509 
4144 483 482 484 
4145 2226 1595 2618 
4146 867 865 3072 
4147 886 885 887 
4148 1038 1037 1039 
4149 1149 1427 2794 
4150 1834 1836 1838 
4151 1514 1848 1850 
4152 741 738 743 
4153 721 722 723 
4154 762 708 763 
4155 836 1677 2867 
4156 603 1618 2963 
4157 402 403 404 
4158 1291 1908 2816 
4159 1472 1529 1824 
4160 694 692 695 
4161 495 496 497 
4162 2925 1857 2990 
4163 1168 1243 1494 
4164 1133 436 2856 
4165 1403 1533 3238 
4166 741 743 756 
4167 1251 1147 2794 
4168 1030 2702 2846 
4169 1377 1093 2691 
4170 1090 1312 1313 
4171 948 947 950 
4172 1872 1873 2078 
4173 410 411 412 
4174 787 786 788 
4175 1763 1361 1809 
4176 1280 2452 2933 
4177 1436 1434 1619 
4178 2093 2837 3045 
4179 1674 1673 1881 
4180 1380 1453 1460 
4181 1277 1096 1385 
4182 2481 3005 3188 
4183 397 399 400 
4184 1672 1421 1673 
4185 1063 976 1064 
4186 1710 1711 1712 
4187 1450 585 1451 
4188 550 551 552 
4189 1661 1660 1859 
4190 1708 1709 1710 
4191 776 777 778 
4192 1273 1487 2931 
4193 356 357 358 
4194 1249 1248 1343 
4195 1309 1238 2665 
4196 1672 1674 2809 
4197 1496 1497 1833 
4198 1366 1343 1483 
4199 493 494 495 
4200 485 484 486 
4201 946 944 947 
4202 713 712 909 
4203 1301 2623 2872 
4204 1800 1675 3243 
4205 222 221 3253 
4206 358 359 360 
4207 288 2458 3093 
4208 1137 1381 1708 
4209 329 1517 2772 
4210 696 695 697 
4211 1508 1912 1978 
4212 1837 1835 2866 
4213 1054 1053 1055 
4214 61 62 2819 
4215 1902 1692 2792 
4216 2220 1924 2229 
4217 1752 1564 2199 
4218 1006 1007 1009 
4219 1659 1405 1660 
4220 554 1871 1872 
4221 1635 1633 2869 
4222 1347 1842 2784 
4223 756 757 1139 
4224 1541 1789 2393 
4225 1164 802 1382 
4226 1692 1690 2792 
4227 1575 1576 1867 
4228 489 490 491 
4229 2734 1037 2828 
4230 1259 1274 2859 
4231 1507 1508 2755 
4232 928 927 931 
4233 1580 2029 2366 
4234 938 936 939 
4235 1294 1296 2863 
4236 659 657 663 
4237 1953 1630 1954 
4238 1736 911 2817 
4239 1540 1391 1903 
4240 1312 1320 1505 
4241 2411 2409 2426 
4242 959 954 2786 
4243 1743 1409 1745 
4244 1460 1580 2818 
4245 1505 1506 1831 
4246 687 686 707 
4247 974 973 1123 
4248 573 570 575 
4249 491 492 493 
4250 393 394 395 
4251 733 731 735 
4252 646 645 647 
4253 1712 1713 1714 
4254 1248 1079 1276 
4255 648 647 649 
4256 1518 1955 2781 
4257 864 865 866 
4258 702 701 2753 
4259 1395 1663 1664 
4260 1505 1831 1832 
4261 729 727 730 
4262 1601 1626 1990 
4263 531 532 533 
4264 1373 1374 1601 
4265 1580 1453 1943 
4266 923 922 927 
4267 1664 1944 1945 
4268 207 423 3148 
4269 1355 1369 1481 
4270 1593 1303 2872 
4271 2412 2425 3116 
4272 682 681 2813 
4273 1097 966 1098 
4274 1816 1817 1818 
4275 1483 1772 1986 
4276 980 982 1018 
4277 917 924 925 
4278 1042 1279 1335 
4279 921 920 922 
4280 740 722 1040 
4281 1622 1620 3419 
4282 966 960 2824 
4283 524 523 525 
4284 2525 2524 3488 
4285 698 697 2829 
4286 1429 1982 1983 
4287 1964 1657 2274 
4288 554 1872 2927 
4289 1172 1078 1173 
4290 1080 2978 3348 
4291 1004 2546 2977 
4292 1097 1098 1373 
4293 535 533 2884 
4294 1638 2096 2097 
4295 2063 1647 2064 
4296 1030 1089 1090 
4297 638 637 639 
4298 1680 1679 1681 
4299 1488 1445 1630 
4300 649 647 683 
4301 342 339 609 
4302 1802 1532 1803 
4303 986 988 989 
4304 2099 2100 2101 
4305 821 820 822 
4306 487 486 488 
4307 2140 2141 2142 
4308 1041 1040 1079 
4309 1106 1105 1107 
4310 960 959 2824 
4311 955 2733 2827 
4312 2783 2642 2921 
4313 442 403 1028 
4314 834 1032 2860 
4315 932 931 2839 
4316 1407 1668 3056 
4317 2718 413 2850 
4318 1006 1005 1007 
4319 1601 1374 1626 
4320 721 719 722 
4321 1944 1663 3014 
4322 364 362 365 
4323 925 926 929 
4324 538 535 2884 
4325 1046 543 1165 
4326 642 641 643 
4327 2520 2627 3250 
4328 1373 1098 1374 
4329 1631 1632 1858 
4330 1041 1079 1248 
4331 942 940 2827 
4332 581 576 582 
4333 955 1029 1042 
4334 1036 411 1349 
4335 334 750 2695 
4336 1618 611 2787 
4337 940 939 955 
4338 2415 2413 2424 
4339 804 805 806 
4340 650 649 2846 
4341 2106 2107 2108 
4342 1909 1688 2781 
4343 461 463 464 
4344 644 643 645 
4345 2129 2103 2130 
4346 919 918 920 
4347 554 551 1870 
4348 593 2575 3180 
4349 1355 1481 1776 
4350 1157 1067 1158 
4351 434 371 2904 
4352 1454 2016 2017 
4353 888 887 890 
4354 640 639 641 
4355 1371 1136 2738 
4356 1120 1659 2829 
4357 1290 1055 1292 
4358 989 1013 1356 
4359 936 935 2780 
4360 2725 283 2849 
4361 994 996 1008 
4362 1233 1234 1235 
4363 1090 1089 1312 
4364 1527 1282 2933 
4365 1621 2027 2941 
4366 1104 2286 2972 
4367 1107 1130 2782 
4368 1263 1262 2930 
4369 1002 1003 2851 
4370 2766 1098 2824 
4371 2513 1775 3461 
4372 541 539 543 
4373 1656 1654 2811 
4374 594 592 595 
4375 353 351 355 
4376 2588 475 3453 
4377 1123 973 1860 
4378 910 2778 2884 
4379 503 501 1056 
4380 1252 1354 1355 
4381 1535 2226 2860 
4382 1690 1909 2792 
4383 953 1038 2786 
4384 437 436 836 
4385 1454 2015 2016 
4386 1330 1498 2797 
4387 2108 2109 2110 
4388 2537 2627 3353 
4389 2110 2111 2115 
4390 1535 1595 2226 
4391 910 532 911 
4392 2419 2417 2422 
4393 1785 1645 2837 
4394 595 2312 3161 
4395 2429 2427 2986 
4396 929 930 963 
4397 2088 2359 3007 
4398 1731 1730 1732 
4399 891 890 902 
4400 1463 1462 1464 
4401 2773 1035 2852 
4402 931 927 1050 
4403 368 366 374 
4404 2505 2189 3132 
4405 590 583 591 
4406 444 439 445 
4407 228 227 514 
4408 1818 1819 1820 
4409 664 661 1049 
4410 1030 683 1089 
4411 1464 1462 1846 
4412 499 498 511 
4413 1379 1378 1545 
4414 194 193 387 
4415 1991 1648 2836 
4416 224 223 517 
4417 963 964 977 
4418 231 230 529 
4419 2054 3549 3566 
4420 1350 1349 1378 
4421 649 683 1030 
4422 404 403 442 
4423 1748 1458 1825 
4424 197 196 381 
4425 977 978 1101 
4426 1787 1593 2275 
4427 1467 1464 1657 
4428 1146 1546 2810 
4429 922 920 956 
4430 723 722 740 
4431 537 535 538 
4432 740 1040 1041 
4433 1774 2327 3509 
4434 1922 2007 2971 
4435 645 643 1059 
4436 989 990 1013 
4437 706 705 2843 
4438 1303 1301 2872 
4439 1963 1657 1964 
4440 533 532 910 
4441 1004 1002 1005 
4442 1942 1762 3120 
4443 187 186 340 
4444 1427 1330 2797 
4445 909 712 1095 
4446 2323 1526 2795 
4447 1000 1002 1004 
4448 607 614 2954 
4449 200 199 398 
4450 1959 1803 1961 
4451 866 867 870 
4452 1284 1496 1577 
4453 1655 1656 1999 
4454 544 543 1046 
4455 2145 2159 2878 
4456 1695 1222 1696 
4457 2893 2168 3245 
4458 1630 1445 1827 
4459 1408 1654 1655 
4460 1768 2086 2088 
4461 1701 1698 1778 
4462 1820 1896 1929 
4463 1776 1830 2254 
4464 1767 1326 1775 
4465 1356 1357 1358 
4466 1166 1165 1461 
4467 705 702 2753 
4468 1110 1124 2803 
4469 712 706 2843 
4470 1664 1945 2004 
4471 1065 1064 1239 
4472 1051 1707 2839 
4473 937 2274 3323 
4474 1284 1250 1496 
4475 1359 1360 1454 
4476 349 347 350 
4477 2087 2091 2764 
4478 893 2643 3016 
4479 299 2649 2917 
4480 1438 1368 1439 
4481 497 496 498 
4482 1677 1413 1741 
4483 967 1097 2868 
4484 599 596 601 
4485 184 183 331 
4486 528 526 530 
4487 789 788 790 
4488 692 691 2852 
4489 2428 2421 2563 
4490 1123 1860 1861 
4491 1439 1368 2620 
4492 1776 1481 1830 
4493 2069 1642 2656 
4494 1663 1095 2843 
4495 432 431 436 
4496 1687 1689 3017 
4497 1373 1602 2949 
4498 1144 1146 2810 
4499 823 822 1047 
4500 1417 1526 2323 
4501 1358 1359 1426 
4502 1380 1379 1453 
4503 412 411 1036 
4504 1868 1931 1932 
4505 1051 1250 1284 
4506 1809 1361 1810 
4507 1004 1005 1006 
4508 1859 1660 2048 
4509 1720 1722 2916 
4510 909 1095 1155 
4511 1022 1892 2942 
4512 1296 1554 2863 
4513 2769 2256 2883 
4514 701 698 2829 
4515 916 919 2833 
4516 507 505 520 
4517 1698 1697 1699 
4518 681 753 1094 
4519 697 695 1035 
4520 1418 1110 2803 
4521 1705 1895 3044 
4522 895 898 899 
4523 234 233 542 
4524 931 1050 1051 
4525 410 408 411 
4526 681 671 753 
4527 1155 1395 1445 
4528 1525 1523 3255 
4529 1855 2999 3006 
4530 203 202 426 
4531 1022 1821 1892 
4532 1695 1734 1735 
4533 446 445 907 
4534 1868 1426 1931 
4535 1051 1050 1250 
4536 1809 1810 2008 
4537 719 718 2789 
4538 1703 1702 1704 
4539 1998 1741 2283 
4540 1655 1999 2000 
4541 1460 1453 1580 
4542 2552 604 3337 
4543 402 400 403 
4544 1155 1095 1395 
4545 636 688 1052 
4546 1580 2366 2818 
4547 550 546 551 
4548 221 220 565 
4549 1478 1966 2334 
4550 1254 1161 1261 
4551 2719 3173 3428 
4552 1094 1252 1361 
4553 665 664 2966 
4554 552 551 554 
4555 935 932 2839 
4556 977 1101 1153 
4557 1016 2761 2873 
4558 1940 1423 2935 
4559 1459 1748 1760 
4560 1350 1378 1379 
4561 1580 1943 2029 
4562 691 682 2813 
4563 2763 1317 2831 
4564 764 827 3226 
4565 442 1028 1103 
4566 1258 1256 1260 
4567 793 792 796 
4568 697 1035 1120 
4569 1178 1176 1179 
4570 229 228 2099 
4571 1136 900 2738 
4572 695 692 2852 
4573 1784 2204 3068 
4574 1734 1696 1851 
4575 1705 1703 1894 
4576 1562 2019 2020 
4577 1174 1173 1298 
4578 623 636 637 
4579 656 650 2846 
4580 1103 1028 1278 
4581 939 936 2780 
4582 715 713 2804 
4583 230 229 2270 
4584 801 799 803 
4585 191 190 354 
4586 951 948 2828 
4587 870 871 894 
4588 1003 1075 2802 
4589 1198 1199 1200 
4590 1554 1555 2973 
4591 1046 1165 1166 
4592 948 950 2828 
4593 1362 914 2833 
4594 397 395 399 
4595 1356 1013 1357 
4596 2362 901 3370 
4597 1893 2880 2966 
4598 1166 1461 1462 
4599 764 763 765 
4600 232 231 2163 
4601 1120 1308 1405 
4602 1520 1522 2777 
4603 694 696 2965 
4604 2008 1810 2494 
4605 207 206 423 
4606 1872 1871 1873 
4607 1498 1864 2797 
4608 1473 1472 2890 
4609 916 917 918 
4610 802 796 2960 
4611 393 391 394 
4612 1036 1349 1350 
4613 450 448 451 
4614 1756 2450 3353 
4615 377 375 384 
4616 1218 1222 1694 
4617 2515 598 3231 
4618 1098 966 2824 
4619 1558 1560 1706 
4620 1883 1439 1884 
4621 1358 1357 1359 
4622 1603 1604 1605 
4623 611 622 623 
4624 1044 903 1045 
4625 910 911 912 
4626 1784 1783 2204 
4627 929 963 965 
4628 1673 1421 2006 
4629 1651 1652 1907 
4630 791 790 792 
4631 237 236 549 
4632 914 915 916 
4633 1239 1064 1697 
4634 2138 2136 2139 
4635 259 128 3154 
4636 218 217 588 
4637 1120 1035 1308 
4638 940 955 2827 
4639 969 967 2868 
4640 531 530 532 
4641 649 1030 2846 
4642 912 911 913 
4643 1094 753 1252 
4644 495 494 496 
4645 192 191 2239 
4646 372 370 1060 
4647 836 436 1133 
4648 1153 1408 1421 
4649 1405 1308 1631 
4650 2395 2219 3405 
4651 1574 1278 1575 
4652 1291 1458 1459 
4653 1506 1634 2812 
4654 1298 1173 1702 
4655 2682 283 3085 
4656 2275 1593 2872 
4657 2133 2132 2135 
4658 1465 947 2835 
4659 745 742 2921 
4660 912 913 914 
4661 2947 1217 3069 
4662 1048 1047 1285 
4663 225 224 2162 
4664 129 298 3154 
4665 576 575 2768 
4666 416 414 418 
4667 2254 1830 2616 
4668 1003 2802 2851 
4669 713 909 2804 
4670 356 355 357 
4671 914 913 915 
4672 766 765 767 
4673 1010 1016 2873 
4674 562 559 564 
4675 1159 1158 1325 
4676 1029 939 2780 
4677 916 915 917 
4678 686 680 2940 
4679 1084 854 2932 
4680 772 770 2749 
4681 1103 1278 1574 
4682 539 538 2790 
4683 201 200 2177 
4684 1574 1575 1863 
4685 1033 1012 2873 
4686 1441 1679 1680 
4687 557 555 1070 
4688 1831 1506 2812 
4689 1860 2868 2949 
4690 2004 1945 2005 
4691 358 357 359 
4692 210 209 440 
4693 489 488 490 
4694 1262 1258 2842 
4695 498 496 577 
4696 518 515 561 
4697 3145 1895 3252 
4698 1755 1757 1758 
4699 2032 2031 2033 
4700 1364 1087 1918 
4701 1961 1803 2469 
4702 1365 1313 2853 
4703 2044 613 2587 
4704 2116 2118 2119 
4705 2159 2149 3172 
4706 1471 1826 2900 
4707 1949 2073 3360 
4708 776 774 777 
4709 1929 2042 2043 
4710 1838 1836 2788 
4711 1910 2922 3011 
4712 1450 1451 1651 
4713 1391 1339 2838 
4714 2445 2451 3335 
4715 797 796 798 
4716 226 225 629 
4717 512 509 1068 
4718 740 2693 2925 
4719 846 844 2932 
4720 493 492 494 
4721 1268 840 2654 
4722 388 385 427 
4723 1913 1940 1941 
4724 1605 1970 1972 
4725 1152 1083 2660 
4726 330 335 3171 
4727 554 1870 1871 
4728 1511 1286 1765 
4729 2363 2364 2365 
4730 455 452 579 
4731 491 490 492 
4732 1153 1101 1408 
4733 768 767 769 
4734 944 942 2835 
4735 1239 1697 1698 
4736 1012 1010 2873 
4737 382 379 1069 
4738 1214 1216 1218 
4739 877 878 879 
4740 428 424 430 
4741 1514 1850 2826 
4742 1221 1754 1755 
4743 1472 1824 2890 
4744 583 582 2883 
4745 2252 586 3361 
4746 1037 951 2828 
4747 1317 1315 2831 
4748 2544 1847 3025 
4749 1184 1182 1341 
4750 400 399 2796 
4751 1450 1651 1823 
4752 1386 1144 2810 
4753 240 239 548 
4754 2408 2430 3152 
4755 896 2054 2056 
4756 639 637 677 
4757 1235 1236 1237 
4758 213 212 453 
4759 1790 1788 3169 
4760 611 623 2787 
4761 1912 1401 2826 
4762 1639 1865 2939 
4763 421 419 1073 
4764 3099 1577 3135 
4765 1335 1514 2826 
4766 2677 2199 3365 
4767 1398 1267 1399 
4768 1681 1683 1686 
4769 1487 1786 2931 
4770 215 462 3175 
4771 1298 1702 1703 
4772 1054 1290 1291 
4773 1124 1443 2803 
4774 1718 1716 1719 
4775 3002 1960 3239 
4776 1815 2472 3184 
4777 1052 1053 1054 
4778 327 325 2767 
4779 1315 1365 2831 
4780 603 610 611 
4781 215 214 462 
4782 1180 1179 1425 
4783 1715 1717 2951 
4784 2326 2241 3521 
4785 2150 2151 2152 
4786 2238 3086 3514 
4787 722 719 2789 
4788 1404 1587 1876 
4789 2723 3200 3212 
4790 1417 2323 2324 
4791 3257 2333 3371 
4792 1481 1482 2862 
4793 1566 1568 2941 
4794 1472 1328 1529 
4795 1237 1238 1309 
4796 332 329 2772 
4797 1075 1428 2802 
4798 238 237 2200 
4799 679 1082 1700 
4800 1772 1343 2821 
4801 628 709 3306 
4802 189 188 630 
4803 1248 1276 2821 
4804 976 974 2815 
4805 718 715 2804 
4806 1526 1133 2856 
4807 836 1133 1413 
4808 850 852 893 
4809 1968 1512 2081 
4810 543 539 2790 
4811 206 205 2216 
4812 899 900 1136 
4813 2733 1891 3051 
4814 2356 2300 3433 
4815 582 2768 2769 
4816 2481 2480 3005 
4817 183 5 2218 
4818 243 242 574 
4819 759 1273 2931 
4820 494 492 1071 
4821 907 2533 3484 
4822 525 523 585 
4823 1401 1335 2826 
4824 681 1094 2813 
4825 1834 1838 2943 
4826 623 622 636 
4827 619 615 620 
4828 1226 1225 1227 
4829 1165 543 2790 
4830 978 980 2834 
4831 1343 1248 2821 
4832 1214 1212 1216 
4833 2593 848 3016 
4834 211 210 2202 
4835 973 969 2868 
4836 205 204 631 
4837 1570 1567 2592 
4838 931 1051 2839 
4839 1383 1384 1440 
4840 1313 1312 2853 
4841 359 357 602 
4842 1695 1696 1734 
4843 1694 1222 1695 
4844 1792 2747 3156 
4845 974 1123 2815 
4846 2690 2688 3177 
4847 611 610 622 
4848 525 585 1449 
4849 1990 1626 2832 
4850 770 769 828 
4851 1054 1055 1290 
4852 608 605 2552 
4853 1282 1280 2933 
4854 1634 1856 2812 
4855 1459 1458 1748 
4856 1095 712 2843 
4857 1188 1186 1242 
4858 2219 2395 3241 
4859 1413 1133 1417 
4860 643 641 2915 
4861 1292 1368 1438 
4862 984 986 2854 
4863 947 944 2835 
4864 582 576 2768 
4865 1522 1603 2777 
4866 1626 1628 2832 
4867 1083 1045 1446 
4868 2413 2411 2855 
4869 2812 1856 3302 
4870 1789 1791 2844 
4871 754 2366 3491 
4872 1710 2597 2961 
4873 1853 1992 2061 
4874 697 1120 2829 
4875 1305 1371 2899 
4876 1339 1509 2838 
4877 1966 3128 3294 
4878 1636 1638 2858 
4879 387 193 2161 
4880 1811 1082 1812 
4881 2584 2582 3230 
4882 461 459 463 
4883 2341 2343 2754 
4884 1725 1723 1728 
4885 1549 2382 3186 
4886 1504 2381 3281 
4887 2559 2048 3344 
4888 381 196 2659 
4889 2195 2235 2236 
4890 1354 753 2880 
4891 1543 1456 1939 
4892 780 778 795 
4893 1101 978 2834 
4894 1487 1538 1786 
4895 1463 1467 3076 
4896 1734 1851 2062 
4897 1449 585 1450 
4898 1884 1886 2013 
4899 1067 1065 2841 
4900 1058 1105 1106 
4901 403 400 2796 
4902 3191 1154 3387 
4903 488 486 578 
4904 763 708 2945 
4905 340 186 2174 
4906 2076 1527 2933 
4907 514 227 2160 
4908 1218 1216 1222 
4909 942 2827 2835 
4910 1040 722 2789 
4911 2179 2180 2181 
4912 2102 2100 2104 
4913 1028 403 2796 
4914 1206 1204 1219 
4915 1505 1832 2853 
4916 1608 1527 2076 
4917 808 806 826 
4918 2519 1757 2520 
4919 2631 1590 2979 
4920 5 244 632 
4921 1005 1002 2851 
4922 1164 1382 1383 
4923 1903 1391 2838 
4924 359 602 603 
4925 1194 1192 1220 
4926 1210 1208 1217 
4927 1712 1711 1713 
4928 293 2521 3050 
4929 437 836 2867 
4930 634 627 676 
4931 804 803 805 
4932 1833 1834 2943 
4933 1708 1381 1709 
4934 671 669 2880 
4935 2756 2947 3069 
4936 742 2783 2921 
4937 1710 1709 1711 
4938 1035 695 2852 
4939 1385 1096 3024 
4940 2701 743 2982 
4941 591 583 2883 
4942 1277 1385 1452 
4943 2417 2415 2870 
4944 568 2610 3264 
4945 2421 2419 2876 
4946 725 723 2925 
4947 1714 1713 2221 
4948 1221 1199 1753 
4949 2817 530 2924 
4950 1198 1196 1199 
4951 533 910 2884 
4952 2105 2113 2114 
4953 1824 1529 2258 
4954 1064 976 2815 
4955 1856 1636 2858 
4956 723 740 2925 
4957 1291 1290 1458 
4958 1033 2873 3017 
4959 603 602 610 
4960 1467 1963 3126 
4961 2071 1694 2840 
4962 914 916 2833 
4963 1754 1753 1756 
4964 1138 762 3226 
4965 137 138 2938 
4966 748 745 2921 
4967 1202 1200 2822 
4968 858 860 874 
4969 1937 1515 3074 
4970 233 232 2991 
4971 1312 1505 2853 
4972 832 3124 3536 
4973 1461 1793 2848 
4974 1078 1027 2857 
4975 2336 2338 2946 
4976 1027 1121 2857 
4977 1732 1797 1898 
4978 468 466 587 
4979 317 2727 3065 
4980 1952 1812 2079 
4981 679 674 1082 
4982 1065 1239 2841 
4983 1898 1797 2045 
4984 2193 2195 2955 
4985 784 782 1081 
4986 480 478 584 
4987 1732 1730 1797 
4988 1676 1377 2691 
4989 565 220 2179 
4990 2665 1352 2920 
4991 484 482 1072 
4992 1612 1610 1866 
4993 2119 2120 2121 
4994 1888 1890 1905 
4995 2604 2605 3201 
4996 680 679 2940 
4997 1502 1448 1773 
4998 2906 1046 3028 
4999 181 182 3064 
5000 56 57 3065 
5001 144 145 3066 
5002 1438 1439 1883 
5003 2186 2187 2188 
5004 1830 1481 2862 
5005 2105 2104 2106 
5006 1083 1446 2660 
5007 2221 1713 2222 
5008 1711 1709 1829 
5009 869 854 1084 
5010 1653 2734 3006 
5011 354 190 2190 
5012 1457 1543 1958 
5013 630 188 2214 
5014 2154 2156 2157 
5015 1943 1453 2889 
5016 1621 1623 2027 
5017 474 472 586 
5018 1840 1841 2265 
5019 1818 1820 1839 
5020 2121 2123 2158 
5021 445 2867 3015 
5022 877 873 878 
5023 1532 1293 2885 
5024 245 2225 3373 
5025 980 1018 2834 
5026 3036 442 3077 
5027 1870 551 2906 
5028 1775 1326 2782 
5029 1860 973 2868 
5030 707 1061 1799 
5031 1846 1462 2848 
5032 2756 1216 2947 
5033 304 2254 3329 
5034 589 590 2976 
5035 598 485 3231 
5036 2411 2426 2855 
5037 2393 1789 2844 
5038 1226 1456 1457 
5039 2140 2139 2141 
5040 770 828 2749 
5041 558 560 2983 
5042 464 463 1022 
5043 1059 643 2915 
5044 1400 1399 1429 
5045 1638 2097 2858 
5046 986 989 2854 
5047 440 209 2201 
5048 1462 1461 2848 
5049 683 647 2888 
5050 2589 2960 3046 
5051 1158 1067 2841 
5052 2828 950 3006 
5053 1176 1174 2887 
5054 1827 1445 2864 
5055 1660 1405 2861 
5056 1022 463 1423 
5057 1355 1776 2877 
5058 446 907 2898 
5059 2424 2413 2855 
5060 899 1136 1137 
5061 1950 1572 1979 
5062 631 204 2217 
5063 2193 2194 2195 
5064 750 332 2772 
5065 1106 1107 1326 
5066 895 899 2936 
5067 1161 1159 2881 
5068 544 1046 2906 
5069 894 895 2936 
5070 989 1356 2854 
5071 1758 1757 2519 
5072 1164 1383 1411 
5073 1395 1664 2864 
5074 1517 327 2767 
5075 907 445 3015 
5076 743 738 2982 
5077 2258 1529 2259 
5078 1200 1199 1221 
5079 708 707 2945 
5080 1381 1305 1592 
5081 2181 2180 2182 
5082 1944 3014 3104 
5083 1379 1545 2889 
5084 1445 1395 2864 
5085 2660 1446 2735 
5086 548 239 2207 
5087 805 803 1987 
5088 1454 2017 2886 
5089 245 84 3178 
5090 2252 1946 3331 
5091 837 694 2965 
5092 920 918 2875 
5093 790 788 794 
5094 2054 1771 2055 
5095 2195 2194 2196 
5096 2415 2424 2870 
5097 647 645 2888 
5098 290 3252 3320 
5099 1252 1355 2877 
5100 1755 1754 1757 
5101 2211 3238 3523 
5102 798 796 802 
5103 283 60 3085 
5104 487 2641 3231 
5105 1810 1361 2877 
5106 2101 2102 2103 
5107 1137 1136 1305 
5108 2873 2761 3017 
5109 2627 286 3250 
5110 2142 2141 2148 
5111 1349 411 2907 
5112 530 526 2924 
5113 1173 1078 2857 
5114 453 212 2210 
5115 896 2056 2985 
5116 2419 2422 2876 
5117 2150 2146 2151 
5118 526 525 2924 
5119 462 214 2213 
5120 798 802 1163 
5121 898 897 3213 
5122 896 878 1771 
5123 1174 1298 2887 
5124 1405 1631 2861 
5125 1954 1630 2891 
5126 1700 1082 1811 
5127 2130 2131 2132 
5128 2822 1915 2997 
5129 1361 1252 2877 
5130 1166 1463 3028 
5131 866 870 889 
5132 812 810 1080 
5133 1664 2004 2864 
5134 707 686 1061 
5135 1922 1920 2007 
5136 1912 2865 3273 
5137 2260 2259 2261 
5138 2422 2417 2870 
5139 3051 1891 3098 
5140 1132 1225 1226 
5141 1426 1359 2886 
5142 1931 1426 2886 
5143 1137 1305 1381 
5144 765 763 1134 
5145 1061 686 2940 
5146 652 656 3018 
5147 1451 585 2922 
5148 2011 2031 2032 
5149 828 769 1096 
5150 1326 1107 2782 
5151 753 671 2880 
5152 956 920 2875 
5153 1695 1735 2840 
5154 379 377 2903 
5155 1821 1423 1913 
5156 1872 2078 2912 
5157 917 925 2874 
5158 1921 2053 3367 
5159 71 256 3196 
5160 1122 1277 1412 
5161 669 665 2966 
5162 918 917 2874 
5163 1359 1454 2886 
5164 1159 1325 2881 
5165 574 242 2215 
5166 1630 1827 2891 
5167 304 70 3196 
5168 862 864 1088 
5169 645 1059 2888 
5170 552 554 2927 
5171 1870 2906 3028 
5172 2815 1123 3030 
5173 385 382 2908 
5174 546 544 2906 
5175 2563 2421 2876 
5176 523 521 2922 
5177 1050 927 2897 
5178 453 2211 2212 
5179 902 1087 1223 
5180 2048 1660 2861 
5181 1453 1379 2889 
5182 1163 802 1164 
5183 1694 1695 2840 
5184 2154 2157 2896 
5185 882 1034 3376 
5186 1939 1456 2980 
5187 282 179 3091 
5188 1840 1767 1841 
5189 180 318 3091 
5190 1750 1806 2779 
5191 927 922 2897 
5192 1221 1753 1754 
5193 748 2703 3073 
5194 2581 1745 3040 
5195 582 2769 2883 
5196 730 727 2990 
5197 1106 1326 1766 
5198 887 885 892 
5199 922 956 2897 
5200 1097 1373 2949 
5201 1256 1254 2892 
5202 3003 1707 3074 
5203 806 805 2970 
5204 2694 1653 2999 
5205 448 446 2898 
5206 551 546 2906 
5207 883 881 1085 
5208 1697 1064 2815 
5209 2595 1304 3531 
5210 2258 2259 2260 
5211 816 814 824 
5212 1891 1967 3098 
5213 1258 1260 2842 
5214 1182 1180 2902 
5215 1555 1558 2973 
5216 632 244 2219 
5217 2006 1421 2895 
5218 1811 1812 1952 
5219 828 1096 1122 
5220 1285 1286 1471 
5221 2056 2054 3566 
5222 1942 3120 3147 
5223 1766 1767 1840 
5224 1122 1096 1277 
5225 559 557 2911 
5226 1229 1231 1480 
5227 1382 802 2960 
5228 1000 1004 2977 
5229 733 735 3004 
5230 2108 2110 2112 
5231 1137 1708 2936 
5232 879 878 896 
5233 1207 1209 2995 
5234 2735 1750 2779 
5235 1446 1750 2735 
5236 1803 1532 2885 
5237 1471 1511 1733 
5238 2738 905 2929 
5239 1421 1408 2895 
5240 1223 1364 1484 
5241 1102 2474 3436 
5242 2101 2100 2102 
5243 805 1987 2262 
5244 2734 2828 3006 
5245 1180 1425 2902 
5246 1762 1627 3089 
5247 998 1000 2977 
5248 2115 2116 2969 
5249 703 2696 3249 
5250 424 421 2918 
5251 1881 1673 2905 
5252 1810 2877 3033 
5253 1655 2000 2895 
5254 2148 2141 2622 
5255 548 2208 2209 
5256 803 799 2962 
5257 2584 3230 3286 
5258 1221 1755 2822 
5259 902 890 1087 
5260 2450 1756 3426 
5261 555 552 2927 
5262 1484 1662 1989 
5263 2877 1776 3033 
5264 1702 1173 2857 
5265 2975 1085 3580 
5266 1408 1655 2895 
5267 1733 2018 2095 
5268 2130 2103 2131 
5269 1631 1858 2994 
5270 738 736 2982 
5271 2833 2645 3142 
5272 408 406 2907 
5273 2119 2121 2122 
5274 419 416 2923 
5275 2067 2772 3257 
5276 799 798 2962 
5277 1022 1423 1821 
5278 411 408 2907 
5279 1825 1458 2944 
5280 1139 1140 3040 
5281 2824 959 2993 
5282 1353 2276 3083 
5283 1261 2881 2882 
5284 3469 1988 3551 
5285 1033 2743 3059 
5286 2487 1073 3518 
5287 1446 1749 1750 
5288 2116 2119 2969 
5289 1716 1714 2910 
5290 1179 1176 2887 
5291 2102 2104 2105 
5292 515 512 2988 
5293 2854 2745 3022 
5294 2739 3003 3074 
5295 1958 1543 2001 
5296 1226 1227 1456 
5297 1973 1972 2012 
5298 1770 2789 3010 
5299 1285 1047 1286 
5300 1134 763 2945 
5301 1457 1456 1543 
5302 663 657 3029 
5303 977 1153 2919 
5304 1261 1161 2881 
5305 822 820 835 
5306 2720 1843 3500 
5307 2105 2106 2113 
5308 1766 1326 1767 
5309 85 305 3178 
5310 1673 2006 2905 
5311 377 384 2903 
5312 1750 1805 1806 
5313 3255 2176 3263 
5314 1045 903 2981 
5315 2017 2016 3199 
5316 903 902 2981 
5317 1899 2907 3036 
5318 2204 1783 2205 
5319 677 637 2989 
5320 557 1070 2911 
5321 564 559 2911 
5322 1008 996 3013 
5323 1989 1662 2242 
5324 768 771 3305 
5325 1235 1237 1396 
5326 451 448 2898 
5327 1484 1364 1662 
5328 525 1449 2924 
5329 1558 1706 2973 
5330 404 442 3036 
5331 2195 2236 2955 
5332 727 725 2990 
5333 774 772 2909 
5334 61 2819 3085 
5335 918 2874 2875 
5336 1223 1087 1364 
5337 896 1771 2054 
5338 1745 1409 3040 
5339 427 385 2908 
5340 2706 1882 3346 
5341 2154 2152 2156 
5342 1446 1045 1749 
5343 263 36 3261 
5344 2132 2131 2134 
5345 416 418 2923 
5346 679 1700 2940 
5347 1605 1972 1973 
5348 1204 1202 2997 
5349 591 2664 3092 
5350 641 639 2926 
5351 1590 1768 2979 
5352 1290 1292 2944 
5353 2469 1803 2885 
5354 965 963 2919 
5355 1887 2051 3348 
5356 1052 2816 2989 
5357 1200 1221 2822 
5358 430 424 2918 
5359 1524 1521 3012 
5360 963 977 2919 
5361 1069 379 2903 
5362 1070 555 2927 
5363 1733 1511 2018 
5364 1714 2221 2910 
5365 37 294 3261 
5366 1186 1184 2928 
5367 1592 1305 2899 
5368 701 2829 2992 
5369 1783 1524 3012 
5370 2338 2341 2946 
5371 2966 664 3087 
5372 1018 982 3022 
5373 235 234 3388 
5374 421 1073 2918 
5375 1471 1286 1511 
5376 1643 2234 3337 
5377 1429 1399 1981 
5378 1254 1261 2892 
5379 1510 1348 3115 
5380 1073 419 2923 
5381 382 1069 2908 
5382 2480 2478 3207 
5383 2662 309 3183 
5384 1918 1087 2998 
5385 2195 2196 2235 
5386 1417 2324 2914 
5387 1765 1286 3019 
5388 514 2160 2793 
5389 1750 1749 1805 
5390 1242 2451 3237 
5391 1806 1805 1849 
5392 888 891 3023 
5393 637 636 2989 
5394 935 2839 3003 
5395 1328 1263 2930 
5396 1024 2619 3131 
5397 1260 1256 2892 
5398 1937 3099 3135 
5399 2686 308 3269 
5400 2930 1262 3095 
5401 725 2925 2990 
5402 1768 2088 2979 
5403 2786 1751 2993 
5404 749 748 3073 
5405 2478 2477 3332 
5406 1292 1438 2944 
5407 1212 1210 2947 
5408 2149 2150 3248 
5409 276 2671 3358 
5410 899 1137 2936 
5411 1741 1413 2914 
5412 561 515 2988 
5413 512 1068 2988 
5414 1442 2999 3189 
5415 1196 1194 2937 
5416 736 733 3004 
5417 1429 1981 1982 
5418 1021 1033 3059 
5419 1413 1417 2914 
5420 2880 669 2966 
5421 1103 1930 3077 
5422 1488 1953 3130 
5423 2418 2420 3031 
5424 959 2786 2993 
5425 848 850 3016 
5426 2915 641 2926 
5427 585 523 2922 
5428 2707 1893 3087 
5429 1987 803 2962 
5430 398 199 3293 
5431 1341 1182 2902 
5432 2753 701 2992 
5433 2739 2780 3003 
5434 1814 2352 3121 
5435 3040 1140 3102 
5436 639 677 2926 
5437 2771 360 2963 
5438 2766 2824 2993 
5439 521 518 3011 
5440 636 1052 2989 
5441 654 652 3018 
5442 253 2565 3431 
5443 1323 1321 3105 
5444 1352 1404 2920 
5445 996 998 3013 
5446 905 1058 2929 
5447 1333 1777 3105 
5448 627 625 2934 
5449 3112 2402 3537 
5450 1947 2311 3331 
5451 466 464 2942 
5452 1857 1671 3035 
5453 1610 1608 2957 
5454 198 197 3458 
5455 772 2749 2909 
5456 2843 705 3014 
5457 3221 1020 3265 
5458 195 194 3527 
5459 354 2190 2192 
5460 2530 1443 3439 
5461 827 766 3305 
5462 459 457 2935 
5463 731 730 3080 
5464 2787 1244 3266 
5465 950 1855 3006 
5466 518 561 3011 
5467 2381 1800 3330 
5468 2789 718 3010 
5469 315 93 3144 
5470 982 984 3022 
5471 2181 2182 2184 
5472 486 484 2953 
5473 359 603 2963 
5474 565 2179 2801 
5475 674 634 2956 
5476 202 201 3049 
5477 1861 1860 3038 
5478 1697 2815 3030 
5479 482 480 2952 
5480 2791 856 3047 
5481 1607 621 3350 
5482 1123 1861 3030 
5483 777 774 2909 
5484 826 806 2970 
5485 360 359 2963 
5486 1719 1716 2910 
5487 2841 1701 3021 
5488 2502 2501 3275 
5489 2780 935 3003 
5490 984 2854 3022 
5491 538 2884 3000 
5492 3066 316 3067 
5493 1759 2790 3000 
5494 707 1799 2945 
5495 2279 1289 3258 
5496 2790 538 3000 
5497 1184 1341 2928 
5498 2982 736 3004 
5499 2484 2757 3260 
5500 1886 2067 3257 
5501 2839 1707 3003 
5502 2598 2162 3569 
5503 2746 315 3144 
5504 3268 1932 3284 
5505 464 1022 2942 
5506 2829 1659 2992 
5507 1267 1152 3008 
5508 657 654 3029 
5509 2511 293 3107 
5510 659 663 3061 
5511 860 862 2959 
5512 1683 1737 3026 
5513 2847 340 3242 
5514 2861 1631 2994 
5515 2837 1427 3045 
5516 2852 691 3032 
5517 1448 1400 2948 
5518 2496 1822 3219 
5519 1216 1212 2947 
5520 2696 710 3427 
5521 2644 2456 3316 
5522 1276 3159 3223 
5523 1781 3197 3487 
5524 477 616 3453 
5525 3279 1233 3287 
5526 548 2207 2208 
5527 805 2262 2970 
5528 1458 1290 2944 
5529 1686 1683 3026 
5530 2804 2770 3010 
5531 3016 2643 3181 
5532 1049 661 3061 
5533 1117 2760 3119 
5534 873 869 2958 
5535 1400 1429 2948 
5536 2609 2607 3048 
5537 1242 1186 2928 
5538 705 2753 3014 
5539 2884 2778 3000 
5540 1812 1082 2956 
5541 2761 1687 3017 
5542 2203 440 3193 
5543 994 1008 3060 
5544 3035 2003 3080 
5545 453 2210 2211 
5546 856 858 3047 
5547 1152 2660 3008 
5548 1013 990 3081 
5549 1219 1204 2997 
5550 2772 1517 3257 
5551 3256 965 3290 
5552 998 2977 3013 
5553 478 476 3020 
5554 2341 2754 2946 
5555 3132 2189 3467 
5556 2269 1994 3466 
5557 2799 1736 3071 
5558 1529 1328 2930 
5559 256 3299 3441 
5560 2119 2122 2969 
5561 1130 1132 2968 
5562 795 2472 3170 
5563 2867 1677 3015 
5564 798 1163 2962 
5565 2106 2108 2984 
5566 1625 2230 3124 
5567 2222 2435 3548 
5568 1202 2822 2997 
5569 1663 2843 3014 
5570 1860 2949 3038 
5571 1753 1199 2937 
5572 1210 1217 2947 
5573 1366 1483 3111 
5574 1192 1190 3042 
5575 578 486 2953 
5576 1749 1045 2981 
5577 592 591 3092 
5578 1776 2254 3033 
5579 885 883 2975 
5580 1572 1570 2964 
5581 1920 1676 2974 
5582 676 627 2934 
5583 1404 1876 2920 
5584 850 893 3016 
5585 450 454 3347 
5586 1194 1220 2937 
5587 673 624 3435 
5588 1647 1612 3037 
5589 1562 2020 3057 
5590 2887 1705 3044 
5591 2782 1130 2968 
5592 1608 2076 2957 
5593 1728 2750 3505 
5594 2185 588 3547 
5595 507 520 3058 
5596 2689 2685 3179 
5597 810 808 2978 
5598 1227 1229 2980 
5599 463 459 2935 
5600 718 2804 3010 
5601 1199 1196 2937 
5602 2162 517 3569 
5603 2922 521 3011 
5604 1058 1106 2929 
5605 3076 1467 3126 
5606 881 879 2985 
5607 1325 1158 3021 
5608 566 519 3381 
5609 1409 1139 3040 
5610 1158 2841 3021 
5611 1899 3036 3077 
5612 3367 2053 3527 
5613 269 2713 3247 
5614 1928 2726 3402 
5615 654 3018 3029 
5616 1699 1697 3030 
5617 1706 1560 3057 
5618 1142 1386 3102 
5619 1082 674 2956 
5620 2184 2972 3214 
5621 1866 1610 2957 
5622 587 466 2942 
5623 902 1223 2981 
5624 2205 1783 3012 
5625 691 2813 3032 
5626 2775 2689 3179 
5627 1399 1267 3008 
5628 634 676 2956 
5629 484 1072 2953 
5630 279 2723 3212 
5631 1046 1166 3028 
5632 3119 2760 3356 
5633 2625 2626 3053 
5634 1944 3104 3185 
5635 2477 1778 3332 
5636 1068 509 3058 
5637 406 404 3036 
5638 480 584 2952 
5639 77 78 3215 
5640 2249 2629 3217 
5641 864 866 2987 
5642 2773 2852 3032 
5643 1072 482 2952 
5644 517 223 3043 
5645 3050 1760 3107 
5646 1025 1024 3131 
5647 2949 1602 3038 
5648 2494 1810 3033 
5649 2552 2234 3292 
5650 2213 3112 3132 
5651 879 896 2985 
5652 2907 406 3036 
5653 1346 1115 3119 
5654 874 860 2959 
5655 2924 1449 3071 
5656 1170 2432 3573 
5657 580 3472 3581 
5658 1545 1378 3118 
5659 1220 1192 3042 
5660 2113 2106 2984 
5661 121 122 3250 
5662 2817 2924 3071 
5663 1612 1866 3037 
5664 818 816 2996 
5665 1456 1227 2980 
5666 808 826 2978 
5667 3202 1162 3544 
5668 1423 463 2935 
5669 108 295 3327 
5670 2105 2114 3009 
5671 2259 1529 2930 
5672 269 3247 3274 
5673 769 767 3024 
5674 619 620 3052 
5675 2813 1763 3032 
5676 250 107 3327 
5677 309 2832 3183 
5678 2384 1984 3483 
5679 1773 1448 2948 
5680 1765 3019 3133 
5681 584 478 3020 
5682 2269 609 3542 
5683 573 580 3325 
5684 625 619 3052 
5685 503 1056 3106 
5686 1960 1959 3220 
5687 3050 2097 3516 
5688 1570 2592 2964 
5689 878 873 2958 
5690 1113 1346 3147 
5691 2579 250 3526 
5692 869 1084 2958 
5693 1226 1457 2968 
5694 2593 3016 3181 
5695 2529 2673 3506 
5696 2474 2428 3436 
5697 2241 3133 3521 
5698 2625 3053 3303 
5699 1427 2797 3045 
5700 587 2303 3364 
5701 1771 878 2958 
5702 862 1088 2959 
5703 1973 2012 3041 
5704 2961 2597 3163 
5705 3108 673 3560 
5706 281 2094 3322 
5707 1668 2075 3056 
5708 865 1023 3072 
5709 890 887 2998 
5710 1955 1469 3150 
5711 1179 2887 3044 
5712 2540 1299 3062 
5713 3097 579 3192 
5714 520 505 3106 
5715 1864 1761 3143 
5716 892 885 2975 
5717 1995 2247 3466 
5718 2629 355 3217 
5719 1425 1179 3044 
5720 1096 769 3024 
5721 1441 1680 3122 
5722 1132 1226 2968 
5723 499 511 3149 
5724 580 581 3472 
5725 730 3035 3080 
5726 1676 2691 2974 
5727 2414 2416 3070 
5728 758 3171 3398 
5729 1106 1766 2929 
5730 2606 248 3528 
5731 292 126 3407 
5732 2108 2112 2984 
5733 866 889 2987 
5734 2007 1920 2974 
5735 588 217 3547 
5736 883 1085 2975 
5737 127 259 3407 
5738 1979 1572 2964 
5739 3000 2778 3114 
5740 2131 2103 3009 
5741 897 2535 3379 
5742 1088 864 2987 
5743 2064 1647 3054 
5744 1276 1079 3159 
5745 522 524 3313 
5746 3174 1823 3246 
5747 1229 1480 2980 
5748 790 794 3046 
5749 2647 2646 3138 
5750 858 874 3047 
5751 509 507 3058 
5752 773 1091 3086 
5753 3075 1988 3469 
5754 1085 881 2985 
5755 318 181 3064 
5756 57 317 3065 
5757 145 316 3066 
5758 68 2616 3558 
5759 2103 2102 3009 
5760 2651 82 3373 
5761 2031 2030 3397 
5762 2633 933 3323 
5763 1623 1625 3124 
5764 1080 810 2978 
5765 455 579 3097 
5766 1794 1988 3075 
5767 792 790 3046 
5768 1241 1021 3059 
5769 1915 1916 3055 
5770 1560 1562 3057 
5771 1442 3189 3272 
5772 992 994 3060 
5773 661 659 3061 
5774 2993 1751 3089 
5775 3019 835 3133 
5776 1893 2966 3087 
5777 1765 2297 3576 
5778 824 2315 3509 
5779 755 2594 3444 
5780 785 787 3082 
5781 596 595 3161 
5782 2766 2993 3089 
5783 887 892 2998 
5784 2901 2665 3511 
5785 1087 890 2998 
5786 2259 2930 3095 
5787 296 2663 3285 
5788 1762 3089 3120 
5789 1262 2842 3095 
5790 816 824 2996 
5791 1047 822 3019 
5792 632 2219 3241 
5793 1707 1284 3099 
5794 726 754 3491 
5795 2282 3235 3543 
5796 1284 1577 3099 
5797 2207 2200 3562 
5798 1151 1353 3078 
5799 2960 792 3046 
5800 2440 833 3109 
5801 1981 1399 3008 
5802 1056 501 3149 
5803 250 2206 3526 
5804 2181 2184 3214 
5805 83 245 3373 
5806 2747 577 3162 
5807 2052 2579 3578 
5808 2934 625 3052 
5809 599 601 3128 
5810 1759 3000 3114 
5811 1163 1164 3146 
5812 1733 2095 3088 
5813 2266 2212 3523 
5814 2679 1619 3301 
5815 1465 3051 3098 
5816 2904 1839 3195 
5817 2102 2105 3009 
5818 1465 2835 3051 
5819 1603 1605 3034 
5820 2017 3199 3496 
5821 1927 2763 3222 
5822 3111 1483 3468 
5823 3220 1959 3254 
5824 2201 3148 3574 
5825 2042 1896 3363 
5826 3028 1463 3076 
5827 1628 1862 3183 
5828 1244 2621 3338 
5829 1984 2385 3449 
5830 2579 1974 3578 
5831 1286 1047 3019 
5832 2738 2929 3134 
5833 2723 313 3200 
5834 934 937 3323 
5835 3095 2842 3225 
5836 1940 2935 3097 
5837 1770 3010 3130 
5838 1977 3140 3233 
5839 1592 2800 3153 
5840 2835 2827 3051 
5841 2615 1957 3464 
5842 2777 1603 3034 
5843 511 498 3168 
5844 2581 3040 3102 
5845 3010 2770 3130 
5846 3104 1661 3185 
5847 1647 3037 3054 
5848 1515 2739 3074 
5849 281 91 3280 
5850 2663 269 3274 
5851 92 315 3280 
5852 822 835 3019 
5853 990 992 3081 
5854 3014 2753 3104 
5855 2144 2142 3165 
5856 2432 1823 3326 
5857 2996 2327 3372 
5858 794 788 3094 
5859 60 61 3085 
5860 2992 1661 3104 
5861 2576 249 3530 
5862 577 496 3162 
5863 3043 2282 3543 
5864 2611 1283 3391 
5865 1540 1997 3442 
5866 1024 749 3073 
5867 2984 906 3495 
5868 1605 1973 3034 
5869 2750 2398 3505 
5870 1450 1823 3174 
5871 1217 1208 3127 
5872 2308 1516 3267 
5873 320 2746 3144 
5874 1402 2072 3392 
5875 313 2728 3408 
5876 2675 272 3501 
5877 2827 2733 3051 
5878 1852 2756 3069 
5879 2773 3032 3129 
5880 2395 1807 3241 
5881 1206 1219 3127 
5882 1740 1331 3380 
5883 2194 2197 3068 
5884 2136 2135 3227 
5885 3032 1763 3129 
5886 784 1081 3123 
5887 2636 1393 3282 
5888 462 3132 3467 
5889 1937 3074 3099 
5890 1704 1702 3229 
5891 179 180 3091 
5892 354 2192 3330 
5893 293 3050 3107 
5894 1793 1759 3114 
5895 735 731 3080 
5896 2712 2710 3113 
5897 1871 1870 3076 
5898 1730 1727 3190 
5899 2719 89 3322 
5900 442 1103 3077 
5901 2943 253 3431 
5902 2081 2890 3176 
5903 992 3060 3081 
5904 494 1071 3162 
5905 1829 1709 3153 
5906 1993 2268 3399 
5907 2655 575 3311 
5908 2622 2141 3101 
5909 3026 1737 3103 
5910 2196 2194 3068 
5911 355 351 3217 
5912 90 281 3322 
5913 1843 1925 3500 
5914 2708 268 3448 
5915 2450 2446 3353 
5916 2935 457 3097 
5917 1324 1323 3301 
5918 1121 2467 3229 
5919 1870 3028 3076 
5920 2042 3363 3434 
5921 1380 1984 3449 
5922 1034 2285 3165 
5923 1220 2450 3426 
5924 2616 1830 3218 
5925 1381 1592 3153 
5926 1793 3114 3142 
5927 2410 2412 3116 
5928 2213 2402 3112 
5929 2406 1613 3411 
5930 1969 1942 3503 
5931 2889 3446 3456 
5932 1846 2633 3307 
5933 1348 1442 3272 
5934 780 795 3170 
5935 1735 1734 3205 
5936 2745 1813 3155 
5937 67 68 3558 
5938 2002 1530 3100 
5939 1013 3081 3351 
5940 2287 1276 3223 
5941 1736 2817 3071 
5942 2621 755 3390 
5943 1617 2384 3483 
5944 2401 569 3378 
5945 1829 3153 3264 
5946 2310 2349 3462 
5947 1223 1484 3110 
5948 2613 1600 3314 
5949 664 1049 3087 
5950 2929 1766 3134 
5951 788 786 3094 
5952 1826 1733 3088 
5953 1304 3368 3531 
5954 270 2717 3477 
5955 2231 2971 3565 
5956 1321 1333 3105 
5957 505 503 3106 
5958 1627 2766 3089 
5959 2066 2082 3136 
5960 3155 1813 3244 
5961 3190 1727 3494 
5962 457 455 3097 
5963 345 2640 3187 
5964 1988 2669 3551 
5965 313 53 3355 
5966 1763 1809 3129 
5967 54 321 3355 
5968 3130 1953 3159 
5969 1977 1975 3300 
5970 1140 1142 3102 
5971 1372 2308 3328 
5972 1855 1465 3098 
5973 1530 1366 3111 
5974 870 894 3163 
5975 812 1080 3151 
5976 2660 2735 3206 
5977 595 592 3092 
5978 1018 3022 3155 
5979 2258 335 3482 
5980 1327 1504 3514 
5981 295 2509 3140 
5982 894 2961 3163 
5983 1081 782 3170 
5984 278 2666 3451 
5985 1971 2825 3375 
5986 1737 1795 3103 
5987 3187 1573 3416 
5988 824 814 3151 
5989 1925 1510 3115 
5990 1431 2625 3362 
5991 2364 2134 3211 
5992 2695 2269 3542 
5993 3193 2201 3574 
5994 2948 1983 3108 
5995 1749 2981 3110 
5996 1760 1748 3107 
5997 3129 1809 3166 
5998 2456 2882 3316 
5999 720 721 3465 
6000 2712 3119 3356 
6001 1539 1540 3417 
6002 795 778 3216 
6003 2356 2901 3418 
6004 2178 398 3419 
6005 2779 1806 3090 
6006 3177 2688 3473 
6007 2981 1223 3110 
6008 3077 1930 3118 
6009 3100 1530 3111 
6010 1393 1541 3282 
6011 2627 2520 3317 
6012 2450 1220 3570 
6013 1569 1571 3164 
6014 3067 316 3345 
6015 1751 1112 3120 
6016 1604 1525 3263 
6017 1115 1117 3119 
6018 1378 1899 3118 
6019 3212 1927 3222 
6020 1822 1415 3141 
6021 1890 2612 3117 
6022 929 965 3256 
6023 1827 2864 3079 
6024 2663 3274 3285 
6025 143 4 3423 
6026 4 144 3423 
6027 55 2 3424 
6028 2 56 3424 
6029 182 1 3425 
6030 1 7 3425 
6031 412 1036 3270 
6032 2575 2574 3090 
6033 1839 1820 3195 
6034 11 278 3451 
6035 1843 2721 3318 
6036 312 10 3451 
6037 2261 2259 3095 
6038 1071 492 3245 
6039 2755 1508 3295 
6040 1940 3097 3192 
6041 1700 2382 3535 
6042 2864 2004 3079 
6043 1440 1441 3122 
6044 1188 1242 3237 
6045 1931 2886 3084 
6046 3200 1927 3212 
6047 2407 2408 3152 
6048 2910 3556 3561 
6049 2796 399 3239 
6050 1848 1938 3291 
6051 3278 1963 3368 
6052 2511 3107 3157 
6053 2886 2017 3084 
6054 208 207 3148 
6055 3039 1965 3405 
6056 1457 1958 3167 
6057 2261 3095 3225 
6058 3114 1362 3142 
6059 2274 1657 3307 
6060 1438 1883 3236 
6061 2461 2462 3145 
6062 3098 1967 3189 
6063 1871 3076 3126 
6064 2665 2920 3511 
6065 2050 1792 3156 
6066 786 784 3123 
6067 3050 2521 3341 
6068 2810 1934 3286 
6069 1575 1867 3277 
6070 1829 2611 3342 
6071 3159 1953 3223 
6072 2489 2488 3283 
6073 3266 1244 3338 
6074 1959 1961 3254 
6075 2134 2131 3211 
6076 122 123 3139 
6077 1360 1357 3351 
6078 1619 1434 3301 
6079 3074 1707 3099 
6080 1208 1206 3127 
6081 2778 1362 3114 
6082 328 330 3171 
6083 418 414 3270 
6084 2141 2139 3101 
6085 1930 1574 3324 
6086 3540 2208 3562 
6087 1828 2803 3298 
6088 1741 2914 3204 
6089 337 2695 3542 
6090 861 859 3158 
6091 2371 3176 3482 
6092 277 2744 3369 
6093 2889 1545 3446 
6094 2432 3326 3573 
6095 1495 1928 3402 
6096 399 3002 3239 
6097 2706 3346 3519 
6098 2038 2037 3468 
6099 765 1134 3209 
6100 2782 2968 3167 
6101 2054 2055 3549 
6102 3045 2797 3173 
6103 575 570 3311 
6104 284 2690 3177 
6105 1795 1796 3401 
6106 1744 2052 3578 
6107 1833 2600 3563 
6108 1779 2644 3555 
6109 2316 3349 3533 
6110 94 3 3430 
6111 3 95 3430 
6112 1842 1843 3318 
6113 93 94 3144 
6114 1777 2849 3478 
6115 2753 2992 3104 
6116 1121 1025 3131 
6117 2142 2148 3165 
6118 2865 306 3273 
6119 2535 2122 3379 
6120 2892 2342 3406 
6121 1938 1937 3135 
6122 1873 1871 3126 
6123 1639 2939 3403 
6124 1805 1749 3110 
6125 2558 2905 3517 
6126 2508 1271 3240 
6127 2874 925 3256 
6128 1588 2844 3485 
6129 1761 2038 3143 
6130 1756 1753 3426 
6131 1862 1969 3304 
6132 604 599 3128 
6133 2600 2917 3563 
6134 3094 786 3123 
6135 1632 3129 3166 
6136 3089 1751 3120 
6137 1632 2773 3129 
6138 3120 1112 3147 
6139 2811 1018 3155 
6140 1788 1935 3169 
6141 1464 1846 3307 
6142 305 2674 3460 
6143 1036 1350 3449 
6144 1371 2738 3134 
6145 2032 3191 3387 
6146 1577 2917 3135 
6147 2770 1488 3130 
6148 2968 1457 3167 
6149 501 499 3149 
6150 2488 1597 3283 
6151 2566 300 3507 
6152 2062 1851 3296 
6153 2853 1832 3208 
6154 3022 2745 3155 
6155 1469 1828 3150 
6156 2199 1564 3365 
6157 2182 2183 3259 
6158 2027 1623 3124 
6159 3090 1806 3180 
6160 2816 1908 3315 
6161 1436 1619 3365 
6162 2037 3111 3468 
6163 462 2213 3132 
6164 814 812 3151 
6165 1811 1952 3186 
6166 2520 1757 3317 
6167 1112 1113 3147 
6168 2514 1841 3538 
6169 2355 2356 3418 
6170 2094 3045 3173 
6171 128 129 3154 
6172 1601 1990 3443 
6173 307 2604 3201 
6174 2882 2456 3585 
6175 216 215 3175 
6176 1773 2948 3108 
6177 2212 2266 3537 
6178 2685 2684 3179 
6179 608 2552 3292 
6180 2728 1928 3408 
6181 2716 2715 3182 
6182 2519 2520 3139 
6183 2811 3155 3244 
6184 1958 2001 3475 
6185 2055 1771 3396 
6186 1443 1126 3439 
6187 1242 2928 3335 
6188 1880 2752 3177 
6189 1809 2008 3166 
6190 2722 277 3437 
6191 3338 2621 3390 
6192 2383 3181 3240 
6193 1778 1698 3332 
6194 2749 1345 3288 
6195 2799 3174 3246 
6196 3024 767 3209 
6197 3181 1798 3240 
6198 1928 1926 3408 
6199 2015 1360 3383 
6200 1838 2788 3138 
6201 1853 2061 3296 
6202 1974 1747 3578 
6203 1766 1840 3134 
6204 2292 2295 3319 
6205 819 821 3191 
6206 1079 1770 3159 
6207 1231 1233 3279 
6208 3042 1190 3237 
6209 1362 2833 3142 
6210 2158 2123 3366 
6211 1600 1888 3314 
6212 1360 3351 3383 
6213 2901 2900 3418 
6214 3107 1748 3157 
6215 2732 322 3554 
6216 490 2893 3245 
6217 3110 1484 3194 
6218 2151 2285 3545 
6219 1164 1411 3146 
6220 456 612 3334 
6221 1509 2775 3179 
6222 2010 1878 3193 
6223 1817 1815 3184 
6224 2251 2874 3256 
6225 2801 2181 3214 
6226 1748 1825 3157 
6227 2251 3256 3290 
6228 3083 2896 3584 
6229 2524 2528 3488 
6230 1897 2542 3232 
6231 3277 2696 3427 
6232 2058 2257 3293 
6233 2225 2287 3198 
6234 2670 1894 3534 
6235 496 494 3162 
6236 620 615 3292 
6237 2757 1825 3236 
6238 1732 1898 3333 
6239 1823 1651 3326 
6240 2741 2498 3160 
6241 342 609 3432 
6242 904 898 3213 
6243 2343 2882 3585 
6244 1168 1494 3439 
6245 2686 2838 3450 
6246 1899 3077 3118 
6247 1883 1884 3377 
6248 3251 566 3381 
6249 84 85 3178 
6250 1709 1381 3153 
6251 1661 1859 3185 
6252 2222 1713 3342 
6253 248 2653 3199 
6254 2871 350 3385 
6255 2208 2207 3562 
6256 2644 3316 3555 
6257 1484 1989 3194 
6258 2905 2006 3517 
6259 3203 1618 3266 
6260 3390 755 3444 
6261 782 780 3170 
6262 3086 1091 3514 
6263 1573 1549 3186 
6264 2010 3193 3574 
6265 2340 2339 3224 
6266 584 3020 3125 
6267 300 2891 3507 
6268 906 2984 3577 
6269 3153 2800 3264 
6270 1719 2751 3572 
6271 3122 1680 3275 
6272 1858 1632 3166 
6273 569 562 3378 
6274 3113 1969 3503 
6275 1496 1833 3563 
6276 498 577 3168 
6277 3081 2084 3351 
6278 3417 1540 3442 
6279 2750 1728 3525 
6280 1754 1756 3317 
6281 601 596 3161 
6282 2383 2593 3181 
6283 3100 1740 3380 
6284 216 3175 3547 
6285 2657 1941 3541 
6286 1681 1686 3412 
6287 2857 1121 3229 
6288 350 347 3385 
6289 1993 3399 3539 
6290 1586 1403 3238 
6291 2015 3383 3417 
6292 709 3034 3306 
6293 609 339 3542 
6294 2643 1798 3181 
6295 1767 1775 3410 
6296 3189 1967 3272 
6297 1371 3134 3228 
6298 452 451 3508 
6299 889 870 3163 
6300 2797 1864 3173 
6301 3220 2762 3239 
6302 549 236 3172 
6303 1235 1396 3287 
6304 1449 1450 3174 
6305 474 586 3343 
6306 2156 2152 3310 
6307 2890 1824 3176 
6308 468 587 3364 
6309 2800 1592 3234 
6310 1805 3110 3194 
6311 1122 1412 3434 
6312 2799 3071 3174 
6313 1894 1703 3534 
6314 2009 2011 3387 
6315 2137 2147 3421 
6316 2612 826 3454 
6317 2228 2771 3203 
6318 2483 3188 3443 
6319 1718 1719 3572 
6320 2125 2127 3470 
6321 2963 1618 3203 
6322 1711 1829 3342 
6323 70 71 3196 
6324 1945 1944 3185 
6325 2461 3145 3252 
6326 3185 1859 3210 
6327 1890 3117 3202 
6328 3115 2755 3295 
6329 586 472 3361 
6330 434 2904 3195 
6331 3182 1365 3208 
6332 1364 1918 3429 
6333 78 254 3215 
6334 69 304 3329 
6335 3071 1449 3174 
6336 345 3187 3440 
6337 2832 1628 3183 
6338 1926 1927 3200 
6339 2715 279 3212 
6340 1353 3083 3584 
6341 1307 2799 3246 
6342 2002 3100 3380 
6343 2831 1365 3182 
6344 3171 2260 3398 
6345 3140 1977 3300 
6346 3142 2645 3221 
6347 2294 2292 3319 
6348 1797 1730 3190 
6349 3146 1411 3219 
6350 3134 1840 3228 
6351 2717 3150 3477 
6352 1752 2199 3201 
6353 1675 1919 3243 
6354 2721 282 3318 
6355 255 2658 3474 
6356 3458 381 3510 
6357 3295 1978 3501 
6358 906 2296 3495 
6359 2061 1992 3567 
6360 762 764 3226 
6361 2118 2117 3235 
6362 2899 1371 3228 
6363 1725 1728 3494 
6364 1997 1903 3269 
6365 2601 1396 3553 
6366 1825 2944 3236 
6367 2150 2153 3248 
6368 3136 1950 3457 
6369 1728 1723 3525 
6370 3336 2043 3497 
6371 2882 2881 3316 
6372 2575 3090 3180 
6373 426 3049 3360 
6374 3034 1973 3306 
6375 2405 2188 3394 
6376 1775 2782 3167 
6377 1820 1929 3195 
6378 1372 3328 3349 
6379 1941 1940 3192 
6380 275 2647 3262 
6381 1813 1868 3244 
6382 1806 1849 3180 
6383 277 3369 3437 
6384 835 820 3372 
6385 2294 3279 3287 
6386 2917 1577 3563 
6387 1953 1954 3223 
6388 2502 3275 3412 
6389 3224 2339 3225 
6390 440 2201 3193 
6391 300 2651 3382 
6392 3021 1779 3555 
6393 1941 2657 3533 
6394 3464 3336 3497 
6395 3020 476 3343 
6396 1770 3130 3159 
6397 3247 1832 3274 
6398 3230 1386 3286 
6399 3286 1934 3369 
6400 1945 3185 3210 
6401 2283 1741 3204 
6402 485 487 3231 
6403 1523 1658 3255 
6404 2400 3190 3494 
6405 1719 2910 3561 
6406 3101 2139 3227 
6407 2771 2963 3203 
6408 2539 3024 3209 
6409 2296 3321 3495 
6410 454 456 3334 
6411 2112 2110 3393 
6412 1734 2062 3205 
6413 1271 2383 3240 
6414 1365 2853 3208 
6415 2697 703 3249 
6416 2221 3548 3556 
6417 286 121 3250 
6418 3303 2003 3362 
6419 2018 1511 3576 
6420 2716 3182 3208 
6421 1905 1890 3202 
6422 306 2675 3273 
6423 2616 68 3329 
6424 1914 1991 3445 
6425 1943 3456 3492 
6426 1882 2539 3346 
6427 767 765 3209 
6428 1969 3113 3448 
6429 3242 2174 3359 
6430 2999 1855 3189 
6431 1084 2473 3396 
6432 2122 2121 3379 
6433 2306 2186 3340 
6434 2048 2861 3344 
6435 1849 1805 3194 
6436 2005 1945 3210 
6437 351 350 3217 
6438 2582 2581 3230 
6439 778 777 3216 
6440 2382 2807 3535 
6441 3102 1386 3230 
6442 1576 2762 3220 
6443 1957 2397 3336 
6444 2713 2716 3247 
6445 1855 3098 3189 
6446 3255 1658 3359 
6447 2762 2796 3239 
6448 3113 2710 3448 
6449 1576 3220 3254 
6450 2513 2512 3538 
6451 1443 2530 3506 
6452 517 3235 3569 
6453 3248 2153 3404 
6454 294 2484 3260 
6455 3244 1868 3268 
6456 3243 1919 3367 
6457 2567 255 3284 
6458 2903 3352 3583 
6459 2650 1938 3452 
6460 2807 1061 3535 
6461 2006 2895 3312 
6462 1799 2706 3519 
6463 3126 1963 3278 
6464 1162 2360 3544 
6465 2658 2000 3474 
6466 1190 1188 3237 
6467 907 3015 3422 
6468 892 2975 3546 
6469 2673 3298 3506 
6470 3109 1795 3401 
6471 818 2996 3372 
6472 2028 1993 3539 
6473 1797 3190 3251 
6474 2139 2136 3227 
6475 2501 2500 3275 
6476 2891 300 3382 
6477 2641 2800 3234 
6478 1902 2792 3308 
6479 2970 2262 3197 
6480 1346 3113 3503 
6481 3125 2348 3524 
6482 1840 2265 3228 
6483 2239 354 3330 
6484 2848 1793 3221 
6485 3164 1951 3502 
6486 2763 2831 3222 
6487 2942 1892 3389 
6488 3443 1990 3530 
6489 1830 2862 3218 
6490 2070 2071 3559 
6491 335 2371 3482 
6492 3038 1602 3188 
6493 2396 434 3357 
6494 2274 937 3571 
6495 3434 1412 3497 
6496 256 2560 3299 
6497 2825 632 3241 
6498 1455 2405 3394 
6499 2647 3138 3262 
6500 2464 2461 3252 
6501 3138 2646 3486 
6502 2192 2193 3281 
6503 3158 906 3577 
6504 2193 2955 3281 
6505 1925 3115 3295 
6506 3183 1862 3304 
6507 3199 2653 3496 
6508 1943 2889 3456 
6509 3005 2480 3207 
6510 2333 263 3371 
6511 1224 2306 3340 
6512 1868 1932 3268 
6513 2285 2284 3545 
6514 2842 1260 3224 
6515 492 490 3245 
6516 1931 3084 3415 
6517 2286 1099 3470 
6518 3308 2792 3395 
6519 2127 2801 3214 
6520 308 2606 3269 
6521 777 2909 3232 
6522 340 2174 3242 
6523 2944 1438 3236 
6524 303 2559 3344 
6525 2684 2686 3450 
6526 2045 1797 3251 
6527 68 69 3329 
6528 2072 3324 3392 
6529 1048 1500 3276 
6530 2585 296 3302 
6531 1702 2857 3229 
6532 3188 1602 3443 
6533 527 3297 3313 
6534 36 37 3261 
6535 2928 1341 3354 
6536 3216 777 3232 
6537 1827 3079 3507 
6538 1656 3244 3268 
6539 826 2970 3454 
6540 3176 1824 3482 
6541 1867 1576 3254 
6542 2831 3182 3222 
6543 2117 2598 3569 
6544 3294 601 3504 
6545 3168 577 3169 
6546 221 565 3253 
6547 612 3088 3334 
6548 3008 2660 3206 
6549 1656 2811 3244 
6550 2689 2774 3473 
6551 3208 1832 3247 
6552 2311 3020 3343 
6553 2319 3101 3227 
6554 2939 677 3315 
6555 2651 3198 3382 
6556 1793 3142 3221 
6557 2542 3216 3232 
6558 2284 1119 3545 
6559 3271 2406 3411 
6560 1859 2048 3358 
6561 3117 2612 3454 
6562 527 1808 3297 
6563 2266 2267 3537 
6564 251 3309 3341 
6565 2446 2537 3353 
6566 3182 2715 3222 
6567 925 929 3256 
6568 2131 3009 3211 
6569 2367 345 3440 
6570 826 2612 3532 
6571 2715 3212 3222 
6572 2147 2586 3400 
6573 2113 2984 3495 
6574 1618 2787 3266 
6575 3472 2242 3581 
6576 3009 2114 3211 
6577 2271 2137 3421 
6578 2649 2650 3452 
6579 3023 1043 3480 
6580 1061 2940 3535 
6581 3392 1863 3427 
6582 1283 2436 3391 
6583 3422 1998 3479 
6584 3206 1607 3350 
6585 1918 2998 3271 
6586 2585 3302 3309 
6587 542 2878 3388 
6588 1939 2980 3386 
6589 677 2989 3315 
6590 2035 2066 3258 
6591 2296 875 3321 
6592 1967 2755 3272 
6593 2029 1943 3492 
6594 2500 3122 3275 
6595 91 92 3280 
6596 1076 3082 3565 
6597 3105 1777 3478 
6598 414 412 3270 
6599 3186 1952 3416 
6600 1838 3138 3486 
6601 2950 1586 3238 
6602 2023 3266 3338 
6603 1978 1912 3273 
6604 2842 3224 3225 
6605 1956 2487 3518 
6606 542 2991 3400 
6607 2060 2251 3290 
6608 3178 305 3459 
6609 1999 1656 3268 
6610 2996 824 3509 
6611 1832 1831 3274 
6612 1880 3177 3473 
6613 1138 3226 3512 
6614 3274 1831 3285 
6615 1846 2848 3265 
6616 2670 2475 3550 
6617 1981 3008 3206 
6618 965 2809 3290 
6619 1892 1821 3267 
6620 1935 3168 3169 
6621 524 527 3313 
6622 2474 1102 3513 
6623 2800 568 3264 
6624 1974 2579 3526 
6625 2262 1670 3487 
6626 1946 1947 3331 
6627 3173 1864 3428 
6628 251 2585 3309 
6629 2688 2689 3473 
6630 1863 1575 3277 
6631 2176 2967 3263 
6632 2848 3221 3265 
6633 3209 1134 3346 
6634 2903 384 3352 
6635 199 198 3293 
6636 1951 1949 3360 
6637 2759 1877 3575 
6638 2945 1799 3519 
6639 2581 3102 3230 
6640 766 768 3305 
6641 2878 2159 3388 
6642 3260 1883 3377 
6643 3128 601 3294 
6644 3319 2295 3386 
6645 1597 2795 3283 
6646 268 2662 3304 
6647 3352 2092 3583 
6648 1541 2393 3282 
6649 2521 251 3341 
6650 1831 2812 3285 
6651 1480 1231 3279 
6652 3318 282 3579 
6653 1877 2009 3575 
6654 2360 1905 3544 
6655 3288 1345 3363 
6656 2092 2090 3583 
6657 2726 2849 3402 
6658 3127 1219 3399 
6659 2865 1850 3564 
6660 2069 2657 3541 
6661 615 608 3292 
6662 1850 1848 3291 
6663 2711 2712 3356 
6664 2329 3294 3504 
6665 3195 1929 3357 
6666 2600 1833 3431 
6667 1102 2404 3513 
6668 584 3125 3524 
6669 1908 1459 3489 
6670 2561 2033 3455 
6671 2449 2445 3335 
6672 2646 253 3486 
6673 901 2319 3370 
6674 2665 2901 3493 
6675 1966 1643 3337 
6676 1508 1978 3295 
6677 314 2732 3308 
6678 2807 2244 3552 
6679 1386 2810 3286 
6680 1434 1324 3301 
6681 2844 2264 3485 
6682 2060 3290 3374 
6683 3290 2809 3374 
6684 1919 1921 3367 
6685 1889 1887 3348 
6686 2533 1962 3484 
6687 449 450 3347 
6688 1975 2206 3300 
6689 2308 3267 3328 
6690 2009 3387 3575 
6691 2937 1220 3426 
6692 933 934 3323 
6693 1962 2068 3522 
6694 1851 1853 3296 
6695 2230 2392 3536 
6696 2435 633 3548 
6697 3363 1345 3434 
6698 1892 3096 3389 
6699 3175 462 3467 
6700 2910 2221 3556 
6701 1233 1235 3287 
6702 1907 3513 3573 
6703 2297 1534 3476 
6704 2849 1777 3402 
6705 2603 2865 3564 
6706 89 90 3322 
6707 880 882 3376 
6708 710 2556 3427 
6709 2803 1443 3298 
6710 107 108 3327 
6711 2034 2031 3397 
6712 1970 1971 3375 
6713 3276 1500 3511 
6714 2556 3392 3427 
6715 2257 1622 3419 
6716 1657 1464 3307 
6717 1613 2063 3411 
6718 570 569 3311 
6719 3015 1998 3422 
6720 1822 3141 3219 
6721 3476 2018 3576 
6722 2153 2155 3404 
6723 1889 3348 3532 
6724 1896 1897 3363 
6725 3196 256 3441 
6726 1965 2395 3405 
6727 1573 3186 3416 
6728 2901 2356 3493 
6729 2836 1842 3318 
6730 2958 1084 3396 
6731 1981 3206 3350 
6732 1574 1863 3324 
6733 2300 2601 3433 
6734 2021 2023 3338 
6735 2909 2749 3288 
6736 1895 1894 3320 
6737 316 2729 3345 
6738 1237 1309 3553 
6739 2998 892 3271 
6740 387 3367 3527 
6741 314 3308 3395 
6742 301 2558 3517 
6743 3224 1260 3406 
6744 2030 2010 3574 
6745 3395 1909 3498 
6746 2716 3208 3247 
6747 434 3195 3357 
6748 3548 633 3556 
6749 2215 2437 3339 
6750 1798 1732 3333 
6751 2342 2340 3406 
6752 1888 1905 3314 
6753 3267 1821 3328 
6754 1757 1754 3317 
6755 2152 2151 3310 
6756 519 522 3381 
6757 2653 2652 3496 
6758 3232 2909 3288 
6759 2792 1909 3395 
6760 2707 3469 3551 
6761 2330 2329 3504 
6762 53 54 3355 
6763 1651 1907 3326 
6764 1670 1416 3487 
6765 1698 1699 3332 
6766 2881 1325 3316 
6767 2254 2616 3329 
6768 2917 2649 3452 
6769 937 2596 3571 
6770 3067 1902 3554 
6771 3227 2135 3370 
6772 1459 1760 3489 
6773 829 2588 3447 
6774 1289 2561 3455 
6775 3200 313 3408 
6776 3083 2208 3540 
6777 2895 2000 3312 
6778 3039 2215 3339 
6779 1970 3375 3438 
6780 2327 2326 3521 
6781 2003 2002 3362 
6782 2059 2060 3374 
6783 2512 2514 3538 
6784 3498 2781 3557 
6785 581 589 3472 
6786 1331 1431 3380 
6787 2174 2175 3359 
6788 2024 3546 3580 
6789 3513 2404 3573 
6790 476 474 3343 
6791 2978 826 3532 
6792 246 2603 3564 
6793 2556 1402 3392 
6794 2021 3338 3390 
6795 82 83 3373 
6796 1994 1995 3466 
6797 3053 735 3303 
6798 1973 3041 3306 
6799 3064 182 3425 
6800 56 3065 3424 
6801 144 3066 3423 
6802 2392 832 3536 
6803 2744 2584 3369 
6804 2390 2391 3561 
6805 3351 2084 3383 
6806 2315 1774 3509 
6807 2681 3105 3478 
6808 2662 3183 3304 
6809 616 2513 3475 
6810 1821 1913 3328 
6811 1357 1013 3351 
6812 2760 2026 3356 
6813 2602 720 3492 
6814 3080 2003 3303 
6815 3374 1674 3414 
6816 1713 1711 3342 
6817 2584 3286 3369 
6818 2379 2377 3490 
6819 1490 1491 3549 
6820 3556 2390 3561 
6821 2398 2399 3505 
6822 3133 835 3521 
6823 2711 3356 3520 
6824 1564 1436 3365 
6825 2084 1900 3383 
6826 2447 2450 3570 
6827 2068 2069 3568 
6828 2809 1674 3374 
6829 2994 303 3344 
6830 2189 2187 3467 
6831 1864 3143 3428 
6832 2096 1639 3403 
6833 2024 2406 3546 
6834 2123 2125 3366 
6835 475 477 3453 
6836 2565 2600 3431 
6837 249 2483 3530 
6838 2072 1936 3446 
6839 472 470 3361 
6840 470 468 3364 
6841 1963 1964 3368 
6842 1913 1941 3349 
6843 282 3091 3579 
6844 3549 1491 3566 
6845 1674 1881 3414 
6846 280 3498 3557 
6847 2724 314 3395 
6848 3252 1895 3320 
6849 633 2390 3556 
6850 1954 2891 3382 
6851 1049 3075 3469 
6852 3328 1913 3349 
6853 2340 3224 3406 
6854 2004 2005 3529 
6855 2035 3258 3455 
6856 1500 2901 3511 
6857 3465 724 3491 
6858 1061 2807 3552 
6859 1491 1528 3566 
6860 2221 2222 3548 
6861 2080 3187 3416 
6862 126 127 3407 
6863 2616 3218 3558 
6864 2384 1956 3463 
6865 3446 1936 3456 
6866 1999 3284 3474 
6867 3088 2095 3334 
6868 2668 1914 3445 
6869 1929 2043 3357 
6870 2861 2994 3344 
6871 3383 1900 3417 
6872 1833 2943 3431 
6873 2019 2021 3390 
6874 2989 2816 3315 
6875 2280 3136 3457 
6876 1091 1327 3514 
6877 2059 3374 3414 
6878 2186 2188 3340 
6879 2268 3127 3399 
6880 1873 3126 3278 
6881 2976 1849 3413 
6882 3378 564 3420 
6883 3489 1760 3516 
6884 347 344 3385 
6885 3147 1346 3503 
6886 2456 2454 3585 
6887 735 3080 3303 
6888 562 564 3378 
6889 1982 1981 3350 
6890 271 2719 3428 
6891 1900 1539 3417 
6892 1897 3232 3288 
6893 2404 1170 3573 
6894 95 320 3430 
6895 2710 2708 3448 
6896 721 724 3465 
6897 2013 1886 3371 
6898 1777 1495 3402 
6899 322 143 3423 
6900 321 55 3424 
6901 7 319 3425 
6902 2666 278 3520 
6903 3356 2026 3520 
6904 820 818 3372 
6905 1545 3118 3384 
6906 2836 3318 3579 
6907 2724 3395 3498 
6908 2064 3054 3325 
6909 2612 1889 3532 
6910 724 726 3491 
6911 3456 2602 3492 
6912 3361 470 3364 
6913 3399 3055 3539 
6914 1936 2602 3456 
6915 2698 2024 3580 
6916 3049 1951 3360 
6917 1884 2013 3377 
6918 3087 1049 3469 
6919 278 2711 3520 
6920 2788 2059 3414 
6921 3279 2294 3319 
6922 2206 1974 3526 
6923 2440 3109 3401 
6924 2596 2595 3531 
6925 234 542 3388 
6926 295 3140 3300 
6927 253 2943 3486 
6928 2188 2189 3394 
6929 247 67 3558 
6930 3541 3192 3568 
6931 2155 3540 3562 
6932 3316 1325 3555 
6933 1350 1380 3449 
6934 10 11 3451 
6935 2673 270 3477 
6936 2652 3084 3496 
6937 1934 1933 3437 
6938 2121 2158 3379 
6939 1894 2670 3550 
6940 3150 1828 3477 
6941 1796 1816 3401 
6942 2110 2115 3393 
6943 1907 2474 3513 
6944 2539 3209 3346 
6945 1126 1168 3439 
6946 1841 1767 3410 
6947 2530 2529 3506 
6948 2348 3125 3462 
6949 2508 3240 3333 
6950 2064 3325 3581 
6951 1972 1970 3438 
6952 344 342 3432 
6953 2011 2032 3387 
6954 3385 344 3432 
6955 1932 1931 3415 
6956 1680 1681 3412 
6957 1480 3319 3386 
6958 1602 1601 3443 
6959 3275 1680 3412 
6960 1985 1617 3483 
6961 272 2720 3500 
6962 2019 3390 3444 
6963 2260 2261 3398 
6964 2155 2896 3540 
6965 2682 2681 3478 
6966 1476 1588 3559 
6967 280 2724 3498 
6968 2016 2015 3442 
6969 2428 2563 3436 
6970 2938 280 3557 
6971 3410 2513 3538 
6972 2264 2599 3485 
6973 3192 579 3568 
6974 1662 1364 3429 
6975 3135 2917 3452 
6976 2008 2494 3441 
6977 1345 1122 3434 
6978 3258 1289 3455 
6979 1909 2781 3498 
6980 1154 2759 3575 
6981 2020 2019 3444 
6982 1986 2223 3459 
6983 1483 1986 3468 
6984 2991 2147 3400 
6985 1553 1980 3582 
6986 2223 3178 3459 
6987 1760 3050 3516 
6988 2156 3023 3480 
6989 1998 2283 3479 
6990 2774 1880 3473 
6991 339 337 3542 
6992 254 3079 3529 
6993 1260 2892 3406 
6994 587 2942 3389 
6995 1219 3055 3399 
6996 2900 1826 3418 
6997 1950 1979 3457 
6998 2026 2666 3520 
6999 3369 1934 3437 
7000 197 381 3458 
7001 1799 1061 3552 
7002 3079 2004 3529 
7003 1972 3438 3499 
7004 1662 3429 3481 
7005 2838 1509 3450 
7006 2043 2042 3497 
7007 2000 1999 3474 
7008 2033 2035 3455 
7009 2707 3087 3469 
7010 2012 1972 3499 
7011 1824 2258 3482 
7012 2177 2178 3502 
7013 319 3064 3425 
7014 3065 321 3424 
7015 3066 322 3423 
7016 2943 1838 3486 
7017 2267 3112 3537 
7018 1482 2707 3551 
7019 217 216 3547 
7020 1396 1237 3553 
7021 2097 2096 3516 
7022 2242 1662 3481 
7023 2980 1480 3386 
7024 1747 1744 3578 
7025 3179 2684 3450 
7026 2898 907 3484 
7027 1771 2958 3396 
7028 1509 3179 3450 
7029 3500 1925 3501 
7030 2015 3417 3442 
7031 1072 2952 3409 
7032 1727 1725 3494 
7033 320 3144 3430 
7034 3240 1798 3333 
7035 2096 3489 3516 
7036 2896 2157 3584 
7037 1753 2937 3426 
7038 1309 2665 3493 
7039 3118 1930 3384 
7040 1897 3288 3363 
7041 2896 3083 3540 
7042 2781 1955 3557 
7043 1723 1721 3525 
7044 1703 1704 3534 
7045 1577 1496 3563 
7046 2042 3434 3497 
7047 1072 3409 3515 
7048 579 452 3508 
7049 1964 2274 3571 
7050 194 387 3527 
7051 3041 2012 3435 
7052 2157 2156 3480 
7053 2045 3251 3381 
7054 1721 1718 3572 
7055 2923 418 3463 
7056 3084 2017 3496 
7057 1991 2836 3579 
7058 1955 2938 3557 
7059 1992 2028 3567 
7060 2891 1827 3507 
7061 3091 1991 3579 
7062 3525 1721 3572 
7063 3198 1954 3382 
7064 2235 2196 3512 
7065 3143 271 3428 
7066 2006 3312 3517 
7067 2012 3499 3560 
7068 3346 1134 3519 
7069 1986 3459 3460 
7070 451 2898 3522 
7071 1511 1765 3576 
7072 2212 2211 3523 
7073 3484 1962 3522 
7074 1073 2923 3518 
7075 2940 1700 3535 
7076 2157 3078 3584 
7077 3531 1964 3571 
7078 2178 3164 3502 
7079 1941 3192 3541 
7080 2483 3443 3530 
7081 3210 1859 3358 
7082 2898 3484 3522 
7083 3194 1989 3413 
7084 1480 3279 3319 
7085 294 3260 3377 
7086 3167 1958 3461 
7087 2005 3215 3529 
7088 1134 2945 3519 
7089 2953 1072 3515 
7090 2596 3531 3571 
7091 1119 3310 3545 
7092 3218 247 3558 
7093 1069 2903 3583 
7094 3082 2231 3565 
7095 3481 2064 3581 
7096 2971 1076 3565 
7097 2319 3227 3370 
7098 3226 2235 3512 
7099 2952 584 3524 
7100 2923 3463 3518 
7101 1325 3021 3555 
7102 3148 2030 3574 
7103 3409 2952 3524 
7104 1220 3042 3570 
7105 3284 255 3474 
7106 3144 94 3430 
7107 3403 1908 3489 
7108 517 3043 3543 
7109 1775 3167 3461 
7110 1863 3277 3427 
7111 3387 1154 3575 
7112 3463 1956 3518 
7113 1938 3135 3452 
7114 1926 3200 3408 
7115 1849 3194 3413 
7116 3125 2310 3462 
7117 2494 3196 3441 
7118 3078 1353 3584 
7119 2984 2112 3577 
7120 1309 3433 3553 
7121 2200 3404 3562 
7122 3055 1916 3539 
7123 2970 3197 3454 
7124 1918 3271 3411 
7125 3042 2447 3570 
7126 2187 3175 3467 
7127 2112 3158 3577 
7128 1942 3147 3503 
7129 601 3161 3504 
7130 3124 2230 3536 
7131 3197 2262 3487 
7132 1902 3308 3554 
7133 3291 246 3564 
7134 2069 3541 3568 
7135 3324 1863 3392 
7136 3235 517 3543 
7137 248 3199 3528 
7138 3215 254 3529 
7139 1905 3202 3544 
7140 3298 1443 3506 
7141 3312 301 3517 
7142 1545 3384 3446 
7143 3235 2117 3569 
7144 1099 3366 3470 
7145 3326 1907 3573 
7146 3384 2072 3446 
7147 1957 3336 3464 
7148 3325 580 3581 
7149 2297 3476 3576 
7150 3366 2125 3470 
7151 3508 2068 3568 
7152 3320 1894 3550 
7153 1850 3291 3564 
7154 3310 2151 3545 
7155 1412 3464 3497 
7156 3459 305 3460 
7157 673 3435 3560 
7158 3308 2732 3554 
7159 3349 1941 3533 
7160 2096 3403 3489 
7161 3461 1958 3475 
7162 2513 3461 3475 
7163 272 3500 3501 
7164 3368 1964 3531 
7165 1841 3410 3538 
7166 3435 2012 3560 
7167 3404 2155 3562 
7168 3433 2601 3553 
7169 579 3508 3568 
7170 2242 3481 3581 
$EndElements
